Loading model: bert-base-uncased
X_in=tensor([[ 0.4677,  1.1189, -0.9760,  0.6686,  1.0449,  1.7397,  1.8010,  0.1697,
         -0.3513,  0.9773, -0.7143,  2.1210, -0.3526,  1.5373,  1.4354,  0.9190],
        [ 0.4545,  0.0376,  0.4456,  0.5114, -0.3496,  0.0523, -2.4281,  1.4124,
          1.4582,  1.0758, -0.7670,  1.2137,  0.4250,  2.0062,  1.3333,  1.2835],
        [ 0.3470,  0.9576, -0.3570,  0.2169,  2.8183,  1.3440,  0.4419,  0.6141,
          0.8633,  1.5255, -1.9421,  0.0254,  0.0605,  0.9557, -0.8677, -0.1705],
        [ 0.2634, -0.3141,  1.1509,  0.0572, -0.2762, -0.2150, -0.8191,  0.9095,
          1.3369,  0.8847, -0.6329,  0.6070,  1.1765,  0.1860, -1.0504,  0.2430],
        [-1.1593, -0.1753,  2.2713, -1.4725, -0.4750,  1.2289,  1.1452,  0.6855,
         -1.7548,  2.3598,  0.9716, -0.6063,  0.4006,  1.3918,  0.0175,  0.4069],
        [-1.9387, -0.6557,  1.2098,  0.8052,  0.6222,  1.4442,  0.6029,  2.5472,
          0.5845, -0.3770, -0.4956,  2.2139,  1.3678, -0.5813,  0.9902,  1.7924],
        [ 0.1148,  1.9174,  1.1214, -2.1140,  0.6656,  0.8591,  0.5295,  1.5233,
         -1.0744,  0.9753,  0.0855, -1.2295,  1.2903,  1.9612, -0.9600,  1.8562]],
       dtype=torch.float64, grad_fn=<CopySlices>)
Q=tensor([[7.2183, 4.6344, 6.4296, 4.0116, 6.6901, 4.6645, 6.6304, 4.3949],
        [5.9306, 4.0088, 4.0645, 3.9977, 5.8632, 3.0453, 3.1229, 5.2582],
        [3.8962, 5.0874, 3.8647, 2.2914, 4.3140, 1.5903, 3.2746, 1.8576],
        [1.2846, 2.4209, 2.6129, 2.8084, 2.2088, 1.8763, 1.7199, 2.6811],
        [1.7666, 2.4418, 3.7566, 2.7266, 3.7996, 4.8708, 5.6042, 4.6663],
        [7.6303, 4.6098, 8.4856, 4.8509, 6.0722, 7.1699, 4.6136, 3.6573],
        [3.0256, 5.9186, 6.2407, 2.0279, 5.2083, 4.8719, 3.9399, 4.1281]],
       dtype=torch.float64, grad_fn=<MmBackward0>) Q.shape=torch.Size([7, 8]) self.W_q=tensor([[0.0611, 0.2246, 0.2343, 0.1771, 0.5561, 0.1094, 0.4609, 0.7084],
        [0.5798, 0.4967, 0.5104, 0.3295, 0.7182, 0.3845, 0.0898, 0.1175],
        [0.6402, 0.1968, 0.5124, 0.7118, 0.9249, 0.9997, 0.8927, 0.8767],
        [0.8450, 0.1544, 0.1705, 0.9842, 0.8127, 0.4358, 0.4143, 0.4284],
        [0.7578, 0.9225, 0.9643, 0.1760, 0.9539, 0.3134, 0.4544, 0.2956],
        [0.1875, 0.2433, 0.3493, 0.4441, 0.4069, 0.2859, 0.8036, 0.3218],
        [0.3639, 0.2985, 0.6635, 0.2552, 0.4144, 0.8396, 0.7418, 0.2865],
        [0.7929, 0.5001, 0.8977, 0.1051, 0.5809, 0.9867, 0.1315, 0.2391],
        [0.3047, 0.5158, 0.4514, 0.4929, 0.5301, 0.2647, 0.1671, 0.5482],
        [0.2380, 0.5374, 0.4422, 0.6454, 0.5376, 0.2245, 0.6632, 0.8439],
        [0.0109, 0.2807, 0.9301, 0.5438, 0.8123, 0.7750, 0.7308, 0.9924],
        [0.7282, 0.2328, 0.9997, 0.5540, 0.4200, 0.5419, 0.8642, 0.4312],
        [0.1213, 0.8956, 0.8784, 0.9128, 0.9688, 0.4150, 0.4094, 0.6885],
        [0.6800, 0.6415, 0.4019, 0.4875, 0.9569, 0.5172, 0.9534, 0.8540],
        [0.9555, 0.0836, 0.1684, 0.1883, 0.9384, 0.3543, 0.2027, 0.5069],
        [0.7145, 0.6801, 0.9717, 0.2403, 0.3372, 0.5260, 0.1794, 0.4793]],
       dtype=torch.float64)
K=tensor([[6.8522, 5.3988, 6.0955, 4.4112, 4.6781, 6.4085, 4.6793, 5.2284],
        [2.7860, 4.9647, 3.5419, 3.6996, 5.1285, 4.0293, 4.8714, 4.3834],
        [4.2473, 2.3855, 5.3309, 3.5742, 4.9308, 4.2365, 1.0585, 3.1887],
        [1.6030, 2.1501, 2.4410, 2.4702, 3.2747, 1.5923, 1.3395, 3.0051],
        [4.8298, 2.2448, 3.1671, 2.4044, 3.2596, 2.2624, 3.3934, 4.8062],
        [3.3011, 5.5038, 4.9238, 4.1709, 4.0189, 5.7385, 7.1682, 5.7438],
        [4.6939, 4.1390, 2.5706, 4.0433, 6.1958, 2.9213, 5.2290, 5.9931]],
       dtype=torch.float64, grad_fn=<MmBackward0>) K.shape=torch.Size([7, 8]) tensor([[0.9176, 0.0969, 0.7088, 0.5403, 0.9133, 0.5257, 0.1204, 0.2669],
        [0.6928, 0.4623, 0.0821, 0.6830, 0.6197, 0.8080, 0.7328, 0.3664],
        [0.9414, 0.1970, 0.7579, 0.1139, 0.7440, 0.7068, 0.7945, 0.6953],
        [0.4236, 0.1344, 0.8726, 0.0248, 0.1871, 0.4442, 0.0288, 0.1701],
        [0.5530, 0.3270, 0.7248, 0.3561, 0.3695, 0.8486, 0.3875, 0.1408],
        [0.4006, 0.0171, 0.7371, 0.6248, 0.5112, 0.6141, 0.4584, 0.3932],
        [0.9174, 0.2641, 0.5383, 0.1304, 0.2692, 0.5418, 0.0513, 0.7104],
        [0.2190, 0.5117, 0.4089, 0.7485, 0.9291, 0.5215, 0.6378, 0.5737],
        [0.1116, 0.2890, 0.3665, 0.5505, 0.4982, 0.8949, 0.1929, 0.6126],
        [0.9573, 0.3505, 0.9706, 0.8580, 0.6232, 0.6595, 0.0853, 0.7083],
        [0.3387, 0.3283, 0.1897, 0.6480, 0.0071, 0.7271, 0.5857, 0.4027],
        [0.5211, 0.9657, 0.5535, 0.6017, 0.2427, 0.5854, 0.5740, 0.5110],
        [0.5883, 0.7138, 0.1372, 0.6238, 0.3607, 0.3382, 0.5413, 0.4971],
        [0.5034, 0.7710, 0.2761, 0.0033, 0.5892, 0.0952, 0.2184, 0.6989],
        [0.6182, 0.3122, 0.0896, 0.1596, 0.0574, 0.9065, 0.8951, 0.0171],
        [0.1151, 0.6182, 0.4213, 0.2124, 0.4743, 0.2734, 0.9921, 0.9287]],
       dtype=torch.float64)
V=tensor([[ 4.8293e+00,  7.2834e+00,  5.9247e+00,  6.2125e+00,  8.1603e+00,
          3.5869e+00,  5.8314e+00,  6.1992e+00],
        [ 4.6436e+00,  2.6527e+00,  3.0565e+00,  4.7777e+00,  4.6982e+00,
          4.5160e+00,  4.0093e+00,  3.1398e+00],
        [ 3.3581e+00,  1.6908e+00,  1.0047e+00,  3.5184e+00,  4.4273e+00,
          2.4805e+00,  1.4822e+00,  4.8152e+00],
        [ 3.3026e+00,  3.5894e-01,  1.6081e+00,  1.0207e+00,  6.8692e-01,
          1.5413e+00,  4.0321e-01,  7.3191e-01],
        [ 1.1863e+00,  2.3047e+00,  2.7791e+00, -5.2627e-03,  1.9546e+00,
          2.1810e+00,  3.9403e+00,  2.4252e+00],
        [ 7.6262e+00,  6.8429e+00,  7.1143e+00,  4.4957e+00,  4.3631e+00,
          2.6247e+00,  3.3108e+00,  3.8292e+00],
        [ 2.5083e+00,  2.2832e+00,  2.2112e+00,  3.7010e+00,  3.1284e+00,
          1.9493e+00,  4.0089e+00,  5.2099e+00]], dtype=torch.float64,
       grad_fn=<MmBackward0>) V.shape=torch.Size([7, 8]) self.W_v=tensor([[0.4771, 0.7317, 0.0576, 0.9432, 0.9486, 0.5513, 0.4101, 0.7596],
        [0.1079, 0.4531, 0.1762, 0.8590, 0.4101, 0.0046, 0.5489, 0.3399],
        [0.4035, 0.6980, 0.4398, 0.2253, 0.2283, 0.5055, 0.3547, 0.1605],
        [0.6428, 0.4947, 0.3211, 0.0070, 0.9626, 0.4930, 0.1573, 0.1466],
        [0.4337, 0.5801, 0.0415, 0.5750, 0.9796, 0.8258, 0.2627, 0.8009],
        [0.8512, 0.7802, 0.6454, 0.5386, 0.1792, 0.1877, 0.2942, 0.5359],
        [0.1093, 0.8584, 0.9864, 0.1241, 0.7169, 0.0822, 0.4824, 0.6482],
        [0.8485, 0.3716, 0.2252, 0.5579, 0.7592, 0.0820, 0.2454, 0.7402],
        [0.4686, 0.3573, 0.9693, 0.3870, 0.2020, 0.6892, 0.3514, 0.2458],
        [0.1752, 0.0981, 0.2589, 0.0731, 0.5745, 0.6247, 0.7559, 0.3685],
        [0.3979, 0.9075, 0.8795, 0.0108, 0.7215, 0.9119, 0.8867, 0.1758],
        [0.9790, 0.9240, 0.8681, 0.5926, 0.6049, 0.1070, 0.3841, 0.1247],
        [0.9284, 0.4158, 0.5685, 0.4974, 0.3686, 0.7431, 0.1817, 0.1600],
        [0.2541, 0.0690, 0.3611, 0.1814, 0.9477, 0.6948, 0.5803, 0.5864],
        [0.0111, 0.9819, 0.5165, 0.9790, 0.8677, 0.8973, 0.9010, 0.4158],
        [0.3229, 0.6110, 0.7758, 0.5179, 0.2733, 0.1066, 0.7092, 0.6586]],
       dtype=torch.float64)
score=tensor([[246.5628, 185.4009, 164.1088,  98.5634, 151.2564, 224.1499, 201.8985],
        [193.7403, 146.2124, 132.5927,  81.9565, 121.9972, 171.9544, 164.1089],
        [143.2365, 110.9041,  94.8750,  58.9058,  85.6865, 130.0536, 118.1749],
        [ 94.6099,  74.2603,  64.4074,  41.1609,  56.8328,  89.5150,  78.3493],
        [159.8238, 127.3032, 103.2812,  65.7148,  97.3154, 159.3343, 134.1202],
        [265.3581, 190.6812, 182.8400, 103.3102, 154.9851, 232.1981, 200.9324],
        [195.2767, 151.0481, 131.1408,  80.3143, 113.7483, 182.5898, 154.7847]],
       dtype=torch.float64, grad_fn=<MmBackward0>) score.shape=torch.Size([7, 7])
soft_max_out=tensor([[9.9964e-01, 4.0612e-10, 2.1844e-13, 1.8840e-23, 2.3222e-15, 3.6176e-04,
         1.3861e-07],
        [9.9952e-01, 5.0356e-08, 4.0813e-10, 6.8517e-18, 9.6362e-12, 4.5149e-04,
         2.8184e-05],
        [9.9048e-01, 1.0748e-05, 3.7164e-08, 1.1147e-13, 1.4430e-09, 9.3683e-03,
         1.4051e-04],
        [8.5540e-01, 6.4203e-04, 1.9710e-05, 5.3123e-09, 1.3541e-06, 1.4121e-01,
         2.7253e-03],
        [5.4312e-01, 5.5141e-06, 1.1298e-09, 1.9267e-15, 1.3708e-10, 4.5681e-01,
         6.1404e-05],
        [9.9999e-01, 3.4169e-12, 2.1362e-13, 1.3126e-25, 1.1288e-17, 8.0985e-06,
         1.2814e-10],
        [9.8885e-01, 1.5995e-07, 1.4038e-10, 2.2033e-18, 2.9974e-13, 1.1146e-02,
         5.9941e-07]], dtype=torch.float64, grad_fn=<SoftmaxBackward0>) soft_max_out.shape=torch.Size([7, 7])
Z=tensor([[4.8303, 7.2832, 5.9252, 6.2118, 8.1589, 3.5865, 5.8305, 6.1983],
        [4.8305, 7.2830, 5.9252, 6.2116, 8.1584, 3.5864, 5.8302, 6.1981],
        [4.8552, 7.2785, 5.9353, 6.1960, 8.1240, 3.5776, 5.8075, 6.1768],
        [5.2178, 7.2044, 6.0806, 5.9622, 7.6081, 3.4471, 5.4693, 5.8598],
        [6.1068, 7.0818, 6.4679, 5.4280, 6.4254, 3.1473, 4.6799, 5.1165],
        [4.8293, 7.2834, 5.9247, 6.2124, 8.1603, 3.5869, 5.8314, 6.1992],
        [4.8605, 7.2784, 5.9380, 6.1933, 8.1180, 3.5761, 5.8033, 6.1728]],
       dtype=torch.float64, grad_fn=<MmBackward0>) Z.shape=torch.Size([7, 8])
X_in=tensor([[ 0.4677,  1.1189, -0.9760,  0.6686,  1.0449,  1.7397,  1.8010,  0.1697,
         -0.3513,  0.9773, -0.7143,  2.1210, -0.3526,  1.5373,  1.4354,  0.9190],
        [ 0.4545,  0.0376,  0.4456,  0.5114, -0.3496,  0.0523, -2.4281,  1.4124,
          1.4582,  1.0758, -0.7670,  1.2137,  0.4250,  2.0062,  1.3333,  1.2835],
        [ 0.3470,  0.9576, -0.3570,  0.2169,  2.8183,  1.3440,  0.4419,  0.6141,
          0.8633,  1.5255, -1.9421,  0.0254,  0.0605,  0.9557, -0.8677, -0.1705],
        [ 0.2634, -0.3141,  1.1509,  0.0572, -0.2762, -0.2150, -0.8191,  0.9095,
          1.3369,  0.8847, -0.6329,  0.6070,  1.1765,  0.1860, -1.0504,  0.2430],
        [-1.1593, -0.1753,  2.2713, -1.4725, -0.4750,  1.2289,  1.1452,  0.6855,
         -1.7548,  2.3598,  0.9716, -0.6063,  0.4006,  1.3918,  0.0175,  0.4069],
        [-1.9387, -0.6557,  1.2098,  0.8052,  0.6222,  1.4442,  0.6029,  2.5472,
          0.5845, -0.3770, -0.4956,  2.2139,  1.3678, -0.5813,  0.9902,  1.7924],
        [ 0.1148,  1.9174,  1.1214, -2.1140,  0.6656,  0.8591,  0.5295,  1.5233,
         -1.0744,  0.9753,  0.0855, -1.2295,  1.2903,  1.9612, -0.9600,  1.8562]],
       dtype=torch.float64, grad_fn=<CopySlices>)
Q=tensor([[7.2183, 4.6344, 6.4296, 4.0116, 6.6901, 4.6645, 6.6304, 4.3949],
        [5.9306, 4.0088, 4.0645, 3.9977, 5.8632, 3.0453, 3.1229, 5.2582],
        [3.8962, 5.0874, 3.8647, 2.2914, 4.3140, 1.5903, 3.2746, 1.8576],
        [1.2846, 2.4209, 2.6129, 2.8084, 2.2088, 1.8763, 1.7199, 2.6811],
        [1.7666, 2.4418, 3.7566, 2.7266, 3.7996, 4.8708, 5.6042, 4.6663],
        [7.6303, 4.6098, 8.4856, 4.8509, 6.0722, 7.1699, 4.6136, 3.6573],
        [3.0256, 5.9186, 6.2407, 2.0279, 5.2083, 4.8719, 3.9399, 4.1281]],
       dtype=torch.float64, grad_fn=<MmBackward0>) Q.shape=torch.Size([7, 8]) self.W_q=tensor([[0.0611, 0.2246, 0.2343, 0.1771, 0.5561, 0.1094, 0.4609, 0.7084],
        [0.5798, 0.4967, 0.5104, 0.3295, 0.7182, 0.3845, 0.0898, 0.1175],
        [0.6402, 0.1968, 0.5124, 0.7118, 0.9249, 0.9997, 0.8927, 0.8767],
        [0.8450, 0.1544, 0.1705, 0.9842, 0.8127, 0.4358, 0.4143, 0.4284],
        [0.7578, 0.9225, 0.9643, 0.1760, 0.9539, 0.3134, 0.4544, 0.2956],
        [0.1875, 0.2433, 0.3493, 0.4441, 0.4069, 0.2859, 0.8036, 0.3218],
        [0.3639, 0.2985, 0.6635, 0.2552, 0.4144, 0.8396, 0.7418, 0.2865],
        [0.7929, 0.5001, 0.8977, 0.1051, 0.5809, 0.9867, 0.1315, 0.2391],
        [0.3047, 0.5158, 0.4514, 0.4929, 0.5301, 0.2647, 0.1671, 0.5482],
        [0.2380, 0.5374, 0.4422, 0.6454, 0.5376, 0.2245, 0.6632, 0.8439],
        [0.0109, 0.2807, 0.9301, 0.5438, 0.8123, 0.7750, 0.7308, 0.9924],
        [0.7282, 0.2328, 0.9997, 0.5540, 0.4200, 0.5419, 0.8642, 0.4312],
        [0.1213, 0.8956, 0.8784, 0.9128, 0.9688, 0.4150, 0.4094, 0.6885],
        [0.6800, 0.6415, 0.4019, 0.4875, 0.9569, 0.5172, 0.9534, 0.8540],
        [0.9555, 0.0836, 0.1684, 0.1883, 0.9384, 0.3543, 0.2027, 0.5069],
        [0.7145, 0.6801, 0.9717, 0.2403, 0.3372, 0.5260, 0.1794, 0.4793]],
       dtype=torch.float64)
K=tensor([[6.8522, 5.3988, 6.0955, 4.4112, 4.6781, 6.4085, 4.6793, 5.2284],
        [2.7860, 4.9647, 3.5419, 3.6996, 5.1285, 4.0293, 4.8714, 4.3834],
        [4.2473, 2.3855, 5.3309, 3.5742, 4.9308, 4.2365, 1.0585, 3.1887],
        [1.6030, 2.1501, 2.4410, 2.4702, 3.2747, 1.5923, 1.3395, 3.0051],
        [4.8298, 2.2448, 3.1671, 2.4044, 3.2596, 2.2624, 3.3934, 4.8062],
        [3.3011, 5.5038, 4.9238, 4.1709, 4.0189, 5.7385, 7.1682, 5.7438],
        [4.6939, 4.1390, 2.5706, 4.0433, 6.1958, 2.9213, 5.2290, 5.9931]],
       dtype=torch.float64, grad_fn=<MmBackward0>) K.shape=torch.Size([7, 8]) tensor([[0.9176, 0.0969, 0.7088, 0.5403, 0.9133, 0.5257, 0.1204, 0.2669],
        [0.6928, 0.4623, 0.0821, 0.6830, 0.6197, 0.8080, 0.7328, 0.3664],
        [0.9414, 0.1970, 0.7579, 0.1139, 0.7440, 0.7068, 0.7945, 0.6953],
        [0.4236, 0.1344, 0.8726, 0.0248, 0.1871, 0.4442, 0.0288, 0.1701],
        [0.5530, 0.3270, 0.7248, 0.3561, 0.3695, 0.8486, 0.3875, 0.1408],
        [0.4006, 0.0171, 0.7371, 0.6248, 0.5112, 0.6141, 0.4584, 0.3932],
        [0.9174, 0.2641, 0.5383, 0.1304, 0.2692, 0.5418, 0.0513, 0.7104],
        [0.2190, 0.5117, 0.4089, 0.7485, 0.9291, 0.5215, 0.6378, 0.5737],
        [0.1116, 0.2890, 0.3665, 0.5505, 0.4982, 0.8949, 0.1929, 0.6126],
        [0.9573, 0.3505, 0.9706, 0.8580, 0.6232, 0.6595, 0.0853, 0.7083],
        [0.3387, 0.3283, 0.1897, 0.6480, 0.0071, 0.7271, 0.5857, 0.4027],
        [0.5211, 0.9657, 0.5535, 0.6017, 0.2427, 0.5854, 0.5740, 0.5110],
        [0.5883, 0.7138, 0.1372, 0.6238, 0.3607, 0.3382, 0.5413, 0.4971],
        [0.5034, 0.7710, 0.2761, 0.0033, 0.5892, 0.0952, 0.2184, 0.6989],
        [0.6182, 0.3122, 0.0896, 0.1596, 0.0574, 0.9065, 0.8951, 0.0171],
        [0.1151, 0.6182, 0.4213, 0.2124, 0.4743, 0.2734, 0.9921, 0.9287]],
       dtype=torch.float64)
V=tensor([[ 4.8293e+00,  7.2834e+00,  5.9247e+00,  6.2125e+00,  8.1603e+00,
          3.5869e+00,  5.8314e+00,  6.1992e+00],
        [ 4.6436e+00,  2.6527e+00,  3.0565e+00,  4.7777e+00,  4.6982e+00,
          4.5160e+00,  4.0093e+00,  3.1398e+00],
        [ 3.3581e+00,  1.6908e+00,  1.0047e+00,  3.5184e+00,  4.4273e+00,
          2.4805e+00,  1.4822e+00,  4.8152e+00],
        [ 3.3026e+00,  3.5894e-01,  1.6081e+00,  1.0207e+00,  6.8692e-01,
          1.5413e+00,  4.0321e-01,  7.3191e-01],
        [ 1.1863e+00,  2.3047e+00,  2.7791e+00, -5.2627e-03,  1.9546e+00,
          2.1810e+00,  3.9403e+00,  2.4252e+00],
        [ 7.6262e+00,  6.8429e+00,  7.1143e+00,  4.4957e+00,  4.3631e+00,
          2.6247e+00,  3.3108e+00,  3.8292e+00],
        [ 2.5083e+00,  2.2832e+00,  2.2112e+00,  3.7010e+00,  3.1284e+00,
          1.9493e+00,  4.0089e+00,  5.2099e+00]], dtype=torch.float64,
       grad_fn=<MmBackward0>) V.shape=torch.Size([7, 8]) self.W_v=tensor([[0.4771, 0.7317, 0.0576, 0.9432, 0.9486, 0.5513, 0.4101, 0.7596],
        [0.1079, 0.4531, 0.1762, 0.8590, 0.4101, 0.0046, 0.5489, 0.3399],
        [0.4035, 0.6980, 0.4398, 0.2253, 0.2283, 0.5055, 0.3547, 0.1605],
        [0.6428, 0.4947, 0.3211, 0.0070, 0.9626, 0.4930, 0.1573, 0.1466],
        [0.4337, 0.5801, 0.0415, 0.5750, 0.9796, 0.8258, 0.2627, 0.8009],
        [0.8512, 0.7802, 0.6454, 0.5386, 0.1792, 0.1877, 0.2942, 0.5359],
        [0.1093, 0.8584, 0.9864, 0.1241, 0.7169, 0.0822, 0.4824, 0.6482],
        [0.8485, 0.3716, 0.2252, 0.5579, 0.7592, 0.0820, 0.2454, 0.7402],
        [0.4686, 0.3573, 0.9693, 0.3870, 0.2020, 0.6892, 0.3514, 0.2458],
        [0.1752, 0.0981, 0.2589, 0.0731, 0.5745, 0.6247, 0.7559, 0.3685],
        [0.3979, 0.9075, 0.8795, 0.0108, 0.7215, 0.9119, 0.8867, 0.1758],
        [0.9790, 0.9240, 0.8681, 0.5926, 0.6049, 0.1070, 0.3841, 0.1247],
        [0.9284, 0.4158, 0.5685, 0.4974, 0.3686, 0.7431, 0.1817, 0.1600],
        [0.2541, 0.0690, 0.3611, 0.1814, 0.9477, 0.6948, 0.5803, 0.5864],
        [0.0111, 0.9819, 0.5165, 0.9790, 0.8677, 0.8973, 0.9010, 0.4158],
        [0.3229, 0.6110, 0.7758, 0.5179, 0.2733, 0.1066, 0.7092, 0.6586]],
       dtype=torch.float64)
score=tensor([[246.5628, 185.4009, 164.1088,  98.5634, 151.2564, 224.1499, 201.8985],
        [193.7403, 146.2124, 132.5927,  81.9565, 121.9972, 171.9544, 164.1089],
        [143.2365, 110.9041,  94.8750,  58.9058,  85.6865, 130.0536, 118.1749],
        [ 94.6099,  74.2603,  64.4074,  41.1609,  56.8328,  89.5150,  78.3493],
        [159.8238, 127.3032, 103.2812,  65.7148,  97.3154, 159.3343, 134.1202],
        [265.3581, 190.6812, 182.8400, 103.3102, 154.9851, 232.1981, 200.9324],
        [195.2767, 151.0481, 131.1408,  80.3143, 113.7483, 182.5898, 154.7847]],
       dtype=torch.float64, grad_fn=<MmBackward0>) score.shape=torch.Size([7, 7])
soft_max_out=tensor([[9.9964e-01, 4.0612e-10, 2.1844e-13, 1.8840e-23, 2.3222e-15, 3.6176e-04,
         1.3861e-07],
        [9.9952e-01, 5.0356e-08, 4.0813e-10, 6.8517e-18, 9.6362e-12, 4.5149e-04,
         2.8184e-05],
        [9.9048e-01, 1.0748e-05, 3.7164e-08, 1.1147e-13, 1.4430e-09, 9.3683e-03,
         1.4051e-04],
        [8.5540e-01, 6.4203e-04, 1.9710e-05, 5.3123e-09, 1.3541e-06, 1.4121e-01,
         2.7253e-03],
        [5.4312e-01, 5.5141e-06, 1.1298e-09, 1.9267e-15, 1.3708e-10, 4.5681e-01,
         6.1404e-05],
        [9.9999e-01, 3.4169e-12, 2.1362e-13, 1.3126e-25, 1.1288e-17, 8.0985e-06,
         1.2814e-10],
        [9.8885e-01, 1.5995e-07, 1.4038e-10, 2.2033e-18, 2.9974e-13, 1.1146e-02,
         5.9941e-07]], dtype=torch.float64, grad_fn=<SoftmaxBackward0>) soft_max_out.shape=torch.Size([7, 7])
Z=tensor([[4.8303, 7.2832, 5.9252, 6.2118, 8.1589, 3.5865, 5.8305, 6.1983],
        [4.8305, 7.2830, 5.9252, 6.2116, 8.1584, 3.5864, 5.8302, 6.1981],
        [4.8552, 7.2785, 5.9353, 6.1960, 8.1240, 3.5776, 5.8075, 6.1768],
        [5.2178, 7.2044, 6.0806, 5.9622, 7.6081, 3.4471, 5.4693, 5.8598],
        [6.1068, 7.0818, 6.4679, 5.4280, 6.4254, 3.1473, 4.6799, 5.1165],
        [4.8293, 7.2834, 5.9247, 6.2124, 8.1603, 3.5869, 5.8314, 6.1992],
        [4.8605, 7.2784, 5.9380, 6.1933, 8.1180, 3.5761, 5.8033, 6.1728]],
       dtype=torch.float64, grad_fn=<MmBackward0>) Z.shape=torch.Size([7, 8])
head=tensor([[4.8303, 7.2832, 5.9252, 6.2118, 8.1589, 3.5865, 5.8305, 6.1983, 4.8303,
         7.2832, 5.9252, 6.2118, 8.1589, 3.5865, 5.8305, 6.1983],
        [4.8305, 7.2830, 5.9252, 6.2116, 8.1584, 3.5864, 5.8302, 6.1981, 4.8305,
         7.2830, 5.9252, 6.2116, 8.1584, 3.5864, 5.8302, 6.1981],
        [4.8552, 7.2785, 5.9353, 6.1960, 8.1240, 3.5776, 5.8075, 6.1768, 4.8552,
         7.2785, 5.9353, 6.1960, 8.1240, 3.5776, 5.8075, 6.1768],
        [5.2178, 7.2044, 6.0806, 5.9622, 7.6081, 3.4471, 5.4693, 5.8598, 5.2178,
         7.2044, 6.0806, 5.9622, 7.6081, 3.4471, 5.4693, 5.8598],
        [6.1068, 7.0818, 6.4679, 5.4280, 6.4254, 3.1473, 4.6799, 5.1165, 6.1068,
         7.0818, 6.4679, 5.4280, 6.4254, 3.1473, 4.6799, 5.1165],
        [4.8293, 7.2834, 5.9247, 6.2124, 8.1603, 3.5869, 5.8314, 6.1992, 4.8293,
         7.2834, 5.9247, 6.2124, 8.1603, 3.5869, 5.8314, 6.1992],
        [4.8605, 7.2784, 5.9380, 6.1933, 8.1180, 3.5761, 5.8033, 6.1728, 4.8605,
         7.2784, 5.9380, 6.1933, 8.1180, 3.5761, 5.8033, 6.1728]],
       dtype=torch.float64, grad_fn=<CatBackward0>)
head.shape=torch.Size([7, 16]) self.W_multi_head.shape=torch.Size([16, 16])
multi_head_out=tensor([[29.6811, 40.8172, 48.4304, 51.6754, 54.0909, 39.9521, 25.7691, 51.1721,
         57.1592, 47.7078, 53.2064, 47.0757, 46.7892, 42.1946, 47.5829, 32.0256],
        [29.6799, 40.8158, 48.4294, 51.6736, 54.0893, 39.9513, 25.7684, 51.1708,
         57.1574, 47.7064, 53.2044, 47.0746, 46.7877, 42.1933, 47.5822, 32.0247],
        [29.5875, 40.7178, 48.3848, 51.5657, 54.0067, 39.9181, 25.7297, 51.1020,
         57.0446, 47.6285, 53.0693, 47.0272, 46.7039, 42.1277, 47.5726, 31.9636],
        [28.2077, 39.2434, 47.6970, 49.9382, 52.7503, 39.4020, 25.1418, 50.0557,
         55.3431, 46.4486, 51.0384, 46.2980, 45.4355, 41.1288, 47.3999, 31.0446],
        [25.0245, 35.9141, 46.2827, 46.3069, 50.0281, 38.3698, 23.8553, 47.7899,
         51.5424, 43.8601, 46.4467, 44.7762, 42.6329, 38.9607, 47.2245, 28.9711],
        [29.6847, 40.8210, 48.4321, 51.6796, 54.0941, 39.9533, 25.7706, 51.1747,
         57.1636, 47.7108, 53.2117, 47.0774, 46.7924, 42.1971, 47.5832, 32.0280],
        [29.5711, 40.7014, 48.3797, 51.5486, 53.9950, 39.9148, 25.7239, 51.0922,
         57.0265, 47.6169, 53.0468, 47.0214, 46.6910, 42.1182, 47.5745, 31.9534]],
       dtype=torch.float64, grad_fn=<MmBackward0>) X_in=tensor([[ 0.4677,  1.1189, -0.9760,  0.6686,  1.0449,  1.7397,  1.8010,  0.1697,
         -0.3513,  0.9773, -0.7143,  2.1210, -0.3526,  1.5373,  1.4354,  0.9190],
        [ 0.4545,  0.0376,  0.4456,  0.5114, -0.3496,  0.0523, -2.4281,  1.4124,
          1.4582,  1.0758, -0.7670,  1.2137,  0.4250,  2.0062,  1.3333,  1.2835],
        [ 0.3470,  0.9576, -0.3570,  0.2169,  2.8183,  1.3440,  0.4419,  0.6141,
          0.8633,  1.5255, -1.9421,  0.0254,  0.0605,  0.9557, -0.8677, -0.1705],
        [ 0.2634, -0.3141,  1.1509,  0.0572, -0.2762, -0.2150, -0.8191,  0.9095,
          1.3369,  0.8847, -0.6329,  0.6070,  1.1765,  0.1860, -1.0504,  0.2430],
        [-1.1593, -0.1753,  2.2713, -1.4725, -0.4750,  1.2289,  1.1452,  0.6855,
         -1.7548,  2.3598,  0.9716, -0.6063,  0.4006,  1.3918,  0.0175,  0.4069],
        [-1.9387, -0.6557,  1.2098,  0.8052,  0.6222,  1.4442,  0.6029,  2.5472,
          0.5845, -0.3770, -0.4956,  2.2139,  1.3678, -0.5813,  0.9902,  1.7924],
        [ 0.1148,  1.9174,  1.1214, -2.1140,  0.6656,  0.8591,  0.5295,  1.5233,
         -1.0744,  0.9753,  0.0855, -1.2295,  1.2903,  1.9612, -0.9600,  1.8562]],
       dtype=torch.float64, grad_fn=<CopySlices>)
self.token_embeddings=tensor([[ 0.4677,  1.1189, -0.9760,  0.6686,  1.0449,  1.7397,  1.8010,  0.1697,
         -0.3513,  0.9773, -0.7143,  2.1210, -0.3526,  1.5373,  1.4354,  0.9190],
        [ 0.4545,  0.0376,  0.4456,  0.5114, -0.3496,  0.0523, -2.4281,  1.4124,
          1.4582,  1.0758, -0.7670,  1.2137,  0.4250,  2.0062,  1.3333,  1.2835],
        [ 0.3470,  0.9576, -0.3570,  0.2169,  2.8183,  1.3440,  0.4419,  0.6141,
          0.8633,  1.5255, -1.9421,  0.0254,  0.0605,  0.9557, -0.8677, -0.1705],
        [ 0.2634, -0.3141,  1.1509,  0.0572, -0.2762, -0.2150, -0.8191,  0.9095,
          1.3369,  0.8847, -0.6329,  0.6070,  1.1765,  0.1860, -1.0504,  0.2430],
        [-1.1593, -0.1753,  2.2713, -1.4725, -0.4750,  1.2289,  1.1452,  0.6855,
         -1.7548,  2.3598,  0.9716, -0.6063,  0.4006,  1.3918,  0.0175,  0.4069],
        [-1.9387, -0.6557,  1.2098,  0.8052,  0.6222,  1.4442,  0.6029,  2.5472,
          0.5845, -0.3770, -0.4956,  2.2139,  1.3678, -0.5813,  0.9902,  1.7924],
        [ 0.1148,  1.9174,  1.1214, -2.1140,  0.6656,  0.8591,  0.5295,  1.5233,
         -1.0744,  0.9753,  0.0855, -1.2295,  1.2903,  1.9612, -0.9600,  1.8562]],
       dtype=torch.float64, grad_fn=<CopySlices>)
self.encoder_output=tensor([[-1.6470, -0.4810,  0.3575,  0.8500,  0.9553, -0.4596, -2.2768,  0.8325,
          1.3586,  0.4050,  0.9651,  0.2300,  0.2178, -0.3857,  0.4308, -1.3524],
        [-1.6478, -0.4847,  0.3645,  0.8493,  0.9677, -0.4654, -2.2732,  0.8288,
          1.3575,  0.3953,  0.9588,  0.2501,  0.2052, -0.3811,  0.4298, -1.3547],
        [-1.6500, -0.4700,  0.3620,  0.8438,  0.9471, -0.4628, -2.2766,  0.8326,
          1.3571,  0.4056,  0.9710,  0.2397,  0.1996, -0.3830,  0.4400, -1.3562],
        [-1.7178, -0.5284,  0.4150,  0.7930,  0.9602, -0.4023, -2.2616,  0.8577,
          1.3083,  0.4027,  0.8686,  0.3013,  0.1896, -0.3757,  0.5460, -1.3565],
        [-1.8632, -0.6649,  0.5342,  0.6638,  0.9396, -0.2472, -2.1886,  0.9092,
          1.1804,  0.4091,  0.6369,  0.4137,  0.1711, -0.3708,  0.8243, -1.3477],
        [-1.6528, -0.4741,  0.3617,  0.8346,  0.9565, -0.4662, -2.2794,  0.8351,
          1.3608,  0.4032,  0.9706,  0.2432,  0.2182, -0.3785,  0.4136, -1.3466],
        [-1.6520, -0.4765,  0.3770,  0.8313,  0.9573, -0.4771, -2.2741,  0.8159,
          1.3660,  0.3996,  0.9632,  0.2589,  0.2075, -0.3805,  0.4363, -1.3531]],
       dtype=torch.float64, grad_fn=<NativeLayerNormBackward0>)
X_out.shape=torch.Size([7, 16]) X_out=tensor([[ 0.,  1.,  2.,  3.,  4.,  5.,  6.,  7.,  8.,  9., 10., 11., 12., 13.,
         14., 15.],
        [ 1.,  1.,  1.,  1.,  1.,  1.,  1.,  1.,  1.,  1.,  1.,  1.,  1.,  1.,
          1.,  1.],
        [ 1.,  1.,  1.,  1.,  1.,  1.,  1.,  1.,  1.,  1.,  1.,  1.,  1.,  1.,
          1.,  1.],
        [ 1.,  1.,  1.,  1.,  1.,  1.,  1.,  1.,  1.,  1.,  1.,  1.,  1.,  1.,
          1.,  1.],
        [ 1.,  1.,  1.,  1.,  1.,  1.,  1.,  1.,  1.,  1.,  1.,  1.,  1.,  1.,
          1.,  1.],
        [ 1.,  1.,  1.,  1.,  1.,  1.,  1.,  1.,  1.,  1.,  1.,  1.,  1.,  1.,
          1.,  1.],
        [ 1.,  1.,  1.,  1.,  1.,  1.,  1.,  1.,  1.,  1.,  1.,  1.,  1.,  1.,
          1.,  1.]], dtype=torch.float64)
X_input: X_in=tensor([[ 0.,  1.,  2.,  3.,  4.,  5.,  6.,  7.,  8.,  9., 10., 11., 12., 13.,
         14., 15.],
        [ 1.,  1.,  1.,  1.,  1.,  1.,  1.,  1.,  1.,  1.,  1.,  1.,  1.,  1.,
          1.,  1.]], dtype=torch.float64)
X_in=tensor([[ 0.,  1.,  2.,  3.,  4.,  5.,  6.,  7.,  8.,  9., 10., 11., 12., 13.,
         14., 15.],
        [ 1.,  1.,  1.,  1.,  1.,  1.,  1.,  1.,  1.,  1.,  1.,  1.,  1.,  1.,
          1.,  1.]], dtype=torch.float64)
Q=tensor([[63.1846, 56.3415, 78.5034, 54.7119, 81.4926, 60.7211, 61.2801, 69.6383],
        [ 7.9810,  6.9044,  9.5463,  7.2480, 10.8693,  7.9736,  8.1592,  8.6183]],
       dtype=torch.float64) Q.shape=torch.Size([2, 8]) self.W_q=tensor([[0.0611, 0.2246, 0.2343, 0.1771, 0.5561, 0.1094, 0.4609, 0.7084],
        [0.5798, 0.4967, 0.5104, 0.3295, 0.7182, 0.3845, 0.0898, 0.1175],
        [0.6402, 0.1968, 0.5124, 0.7118, 0.9249, 0.9997, 0.8927, 0.8767],
        [0.8450, 0.1544, 0.1705, 0.9842, 0.8127, 0.4358, 0.4143, 0.4284],
        [0.7578, 0.9225, 0.9643, 0.1760, 0.9539, 0.3134, 0.4544, 0.2956],
        [0.1875, 0.2433, 0.3493, 0.4441, 0.4069, 0.2859, 0.8036, 0.3218],
        [0.3639, 0.2985, 0.6635, 0.2552, 0.4144, 0.8396, 0.7418, 0.2865],
        [0.7929, 0.5001, 0.8977, 0.1051, 0.5809, 0.9867, 0.1315, 0.2391],
        [0.3047, 0.5158, 0.4514, 0.4929, 0.5301, 0.2647, 0.1671, 0.5482],
        [0.2380, 0.5374, 0.4422, 0.6454, 0.5376, 0.2245, 0.6632, 0.8439],
        [0.0109, 0.2807, 0.9301, 0.5438, 0.8123, 0.7750, 0.7308, 0.9924],
        [0.7282, 0.2328, 0.9997, 0.5540, 0.4200, 0.5419, 0.8642, 0.4312],
        [0.1213, 0.8956, 0.8784, 0.9128, 0.9688, 0.4150, 0.4094, 0.6885],
        [0.6800, 0.6415, 0.4019, 0.4875, 0.9569, 0.5172, 0.9534, 0.8540],
        [0.9555, 0.0836, 0.1684, 0.1883, 0.9384, 0.3543, 0.2027, 0.5069],
        [0.7145, 0.6801, 0.9717, 0.2403, 0.3372, 0.5260, 0.1794, 0.4793]],
       dtype=torch.float64)
K=tensor([[57.7107, 59.4244, 49.3530, 49.7288, 47.0641, 65.8137, 62.2513, 63.2208],
        [ 8.8189,  6.3592,  7.8348,  6.8790,  7.3960,  9.4909,  7.2963,  7.6935]],
       dtype=torch.float64) K.shape=torch.Size([2, 8]) tensor([[0.9176, 0.0969, 0.7088, 0.5403, 0.9133, 0.5257, 0.1204, 0.2669],
        [0.6928, 0.4623, 0.0821, 0.6830, 0.6197, 0.8080, 0.7328, 0.3664],
        [0.9414, 0.1970, 0.7579, 0.1139, 0.7440, 0.7068, 0.7945, 0.6953],
        [0.4236, 0.1344, 0.8726, 0.0248, 0.1871, 0.4442, 0.0288, 0.1701],
        [0.5530, 0.3270, 0.7248, 0.3561, 0.3695, 0.8486, 0.3875, 0.1408],
        [0.4006, 0.0171, 0.7371, 0.6248, 0.5112, 0.6141, 0.4584, 0.3932],
        [0.9174, 0.2641, 0.5383, 0.1304, 0.2692, 0.5418, 0.0513, 0.7104],
        [0.2190, 0.5117, 0.4089, 0.7485, 0.9291, 0.5215, 0.6378, 0.5737],
        [0.1116, 0.2890, 0.3665, 0.5505, 0.4982, 0.8949, 0.1929, 0.6126],
        [0.9573, 0.3505, 0.9706, 0.8580, 0.6232, 0.6595, 0.0853, 0.7083],
        [0.3387, 0.3283, 0.1897, 0.6480, 0.0071, 0.7271, 0.5857, 0.4027],
        [0.5211, 0.9657, 0.5535, 0.6017, 0.2427, 0.5854, 0.5740, 0.5110],
        [0.5883, 0.7138, 0.1372, 0.6238, 0.3607, 0.3382, 0.5413, 0.4971],
        [0.5034, 0.7710, 0.2761, 0.0033, 0.5892, 0.0952, 0.2184, 0.6989],
        [0.6182, 0.3122, 0.0896, 0.1596, 0.0574, 0.9065, 0.8951, 0.0171],
        [0.1151, 0.6182, 0.4213, 0.2124, 0.4743, 0.2734, 0.9921, 0.9287]],
       dtype=torch.float64)
V=tensor([[54.9449, 69.0846, 71.7182, 51.1534, 71.8309, 61.3478, 64.5468, 49.7106],
        [ 7.4111,  9.3323,  8.0908,  7.0691,  9.7448,  7.5069,  7.5059,  6.8674]],
       dtype=torch.float64) V.shape=torch.Size([2, 8]) self.W_v=tensor([[0.4771, 0.7317, 0.0576, 0.9432, 0.9486, 0.5513, 0.4101, 0.7596],
        [0.1079, 0.4531, 0.1762, 0.8590, 0.4101, 0.0046, 0.5489, 0.3399],
        [0.4035, 0.6980, 0.4398, 0.2253, 0.2283, 0.5055, 0.3547, 0.1605],
        [0.6428, 0.4947, 0.3211, 0.0070, 0.9626, 0.4930, 0.1573, 0.1466],
        [0.4337, 0.5801, 0.0415, 0.5750, 0.9796, 0.8258, 0.2627, 0.8009],
        [0.8512, 0.7802, 0.6454, 0.5386, 0.1792, 0.1877, 0.2942, 0.5359],
        [0.1093, 0.8584, 0.9864, 0.1241, 0.7169, 0.0822, 0.4824, 0.6482],
        [0.8485, 0.3716, 0.2252, 0.5579, 0.7592, 0.0820, 0.2454, 0.7402],
        [0.4686, 0.3573, 0.9693, 0.3870, 0.2020, 0.6892, 0.3514, 0.2458],
        [0.1752, 0.0981, 0.2589, 0.0731, 0.5745, 0.6247, 0.7559, 0.3685],
        [0.3979, 0.9075, 0.8795, 0.0108, 0.7215, 0.9119, 0.8867, 0.1758],
        [0.9790, 0.9240, 0.8681, 0.5926, 0.6049, 0.1070, 0.3841, 0.1247],
        [0.9284, 0.4158, 0.5685, 0.4974, 0.3686, 0.7431, 0.1817, 0.1600],
        [0.2541, 0.0690, 0.3611, 0.1814, 0.9477, 0.6948, 0.5803, 0.5864],
        [0.0111, 0.9819, 0.5165, 0.9790, 0.8677, 0.8973, 0.9010, 0.4158],
        [0.3229, 0.6110, 0.7758, 0.5179, 0.2733, 0.1066, 0.7092, 0.6586]],
       dtype=torch.float64)
score=tensor([[29638.6438,  4068.8283],
        [ 3791.5562,   520.8459]], dtype=torch.float64) score.shape=torch.Size([2, 2])
Score masked: score=tensor([[10478.8430,       -inf],
        [ 1340.5175,   184.1468]], dtype=torch.float64) mask=tensor([[1, 0],
        [1, 1]], dtype=torch.int32)
soft_max_out=tensor([[1., 0.],
        [1., 0.]], dtype=torch.float64) soft_max_out.shape=torch.Size([2, 2])
Z=tensor([[54.9449, 69.0846, 71.7182, 51.1534, 71.8309, 61.3478, 64.5468, 49.7106],
        [54.9449, 69.0846, 71.7182, 51.1534, 71.8309, 61.3478, 64.5468, 49.7106]],
       dtype=torch.float64) Z.shape=torch.Size([2, 8])
X_in=tensor([[ 0.,  1.,  2.,  3.,  4.,  5.,  6.,  7.,  8.,  9., 10., 11., 12., 13.,
         14., 15.],
        [ 1.,  1.,  1.,  1.,  1.,  1.,  1.,  1.,  1.,  1.,  1.,  1.,  1.,  1.,
          1.,  1.]], dtype=torch.float64)
Q=tensor([[63.1846, 56.3415, 78.5034, 54.7119, 81.4926, 60.7211, 61.2801, 69.6383],
        [ 7.9810,  6.9044,  9.5463,  7.2480, 10.8693,  7.9736,  8.1592,  8.6183]],
       dtype=torch.float64) Q.shape=torch.Size([2, 8]) self.W_q=tensor([[0.0611, 0.2246, 0.2343, 0.1771, 0.5561, 0.1094, 0.4609, 0.7084],
        [0.5798, 0.4967, 0.5104, 0.3295, 0.7182, 0.3845, 0.0898, 0.1175],
        [0.6402, 0.1968, 0.5124, 0.7118, 0.9249, 0.9997, 0.8927, 0.8767],
        [0.8450, 0.1544, 0.1705, 0.9842, 0.8127, 0.4358, 0.4143, 0.4284],
        [0.7578, 0.9225, 0.9643, 0.1760, 0.9539, 0.3134, 0.4544, 0.2956],
        [0.1875, 0.2433, 0.3493, 0.4441, 0.4069, 0.2859, 0.8036, 0.3218],
        [0.3639, 0.2985, 0.6635, 0.2552, 0.4144, 0.8396, 0.7418, 0.2865],
        [0.7929, 0.5001, 0.8977, 0.1051, 0.5809, 0.9867, 0.1315, 0.2391],
        [0.3047, 0.5158, 0.4514, 0.4929, 0.5301, 0.2647, 0.1671, 0.5482],
        [0.2380, 0.5374, 0.4422, 0.6454, 0.5376, 0.2245, 0.6632, 0.8439],
        [0.0109, 0.2807, 0.9301, 0.5438, 0.8123, 0.7750, 0.7308, 0.9924],
        [0.7282, 0.2328, 0.9997, 0.5540, 0.4200, 0.5419, 0.8642, 0.4312],
        [0.1213, 0.8956, 0.8784, 0.9128, 0.9688, 0.4150, 0.4094, 0.6885],
        [0.6800, 0.6415, 0.4019, 0.4875, 0.9569, 0.5172, 0.9534, 0.8540],
        [0.9555, 0.0836, 0.1684, 0.1883, 0.9384, 0.3543, 0.2027, 0.5069],
        [0.7145, 0.6801, 0.9717, 0.2403, 0.3372, 0.5260, 0.1794, 0.4793]],
       dtype=torch.float64)
K=tensor([[57.7107, 59.4244, 49.3530, 49.7288, 47.0641, 65.8137, 62.2513, 63.2208],
        [ 8.8189,  6.3592,  7.8348,  6.8790,  7.3960,  9.4909,  7.2963,  7.6935]],
       dtype=torch.float64) K.shape=torch.Size([2, 8]) tensor([[0.9176, 0.0969, 0.7088, 0.5403, 0.9133, 0.5257, 0.1204, 0.2669],
        [0.6928, 0.4623, 0.0821, 0.6830, 0.6197, 0.8080, 0.7328, 0.3664],
        [0.9414, 0.1970, 0.7579, 0.1139, 0.7440, 0.7068, 0.7945, 0.6953],
        [0.4236, 0.1344, 0.8726, 0.0248, 0.1871, 0.4442, 0.0288, 0.1701],
        [0.5530, 0.3270, 0.7248, 0.3561, 0.3695, 0.8486, 0.3875, 0.1408],
        [0.4006, 0.0171, 0.7371, 0.6248, 0.5112, 0.6141, 0.4584, 0.3932],
        [0.9174, 0.2641, 0.5383, 0.1304, 0.2692, 0.5418, 0.0513, 0.7104],
        [0.2190, 0.5117, 0.4089, 0.7485, 0.9291, 0.5215, 0.6378, 0.5737],
        [0.1116, 0.2890, 0.3665, 0.5505, 0.4982, 0.8949, 0.1929, 0.6126],
        [0.9573, 0.3505, 0.9706, 0.8580, 0.6232, 0.6595, 0.0853, 0.7083],
        [0.3387, 0.3283, 0.1897, 0.6480, 0.0071, 0.7271, 0.5857, 0.4027],
        [0.5211, 0.9657, 0.5535, 0.6017, 0.2427, 0.5854, 0.5740, 0.5110],
        [0.5883, 0.7138, 0.1372, 0.6238, 0.3607, 0.3382, 0.5413, 0.4971],
        [0.5034, 0.7710, 0.2761, 0.0033, 0.5892, 0.0952, 0.2184, 0.6989],
        [0.6182, 0.3122, 0.0896, 0.1596, 0.0574, 0.9065, 0.8951, 0.0171],
        [0.1151, 0.6182, 0.4213, 0.2124, 0.4743, 0.2734, 0.9921, 0.9287]],
       dtype=torch.float64)
V=tensor([[54.9449, 69.0846, 71.7182, 51.1534, 71.8309, 61.3478, 64.5468, 49.7106],
        [ 7.4111,  9.3323,  8.0908,  7.0691,  9.7448,  7.5069,  7.5059,  6.8674]],
       dtype=torch.float64) V.shape=torch.Size([2, 8]) self.W_v=tensor([[0.4771, 0.7317, 0.0576, 0.9432, 0.9486, 0.5513, 0.4101, 0.7596],
        [0.1079, 0.4531, 0.1762, 0.8590, 0.4101, 0.0046, 0.5489, 0.3399],
        [0.4035, 0.6980, 0.4398, 0.2253, 0.2283, 0.5055, 0.3547, 0.1605],
        [0.6428, 0.4947, 0.3211, 0.0070, 0.9626, 0.4930, 0.1573, 0.1466],
        [0.4337, 0.5801, 0.0415, 0.5750, 0.9796, 0.8258, 0.2627, 0.8009],
        [0.8512, 0.7802, 0.6454, 0.5386, 0.1792, 0.1877, 0.2942, 0.5359],
        [0.1093, 0.8584, 0.9864, 0.1241, 0.7169, 0.0822, 0.4824, 0.6482],
        [0.8485, 0.3716, 0.2252, 0.5579, 0.7592, 0.0820, 0.2454, 0.7402],
        [0.4686, 0.3573, 0.9693, 0.3870, 0.2020, 0.6892, 0.3514, 0.2458],
        [0.1752, 0.0981, 0.2589, 0.0731, 0.5745, 0.6247, 0.7559, 0.3685],
        [0.3979, 0.9075, 0.8795, 0.0108, 0.7215, 0.9119, 0.8867, 0.1758],
        [0.9790, 0.9240, 0.8681, 0.5926, 0.6049, 0.1070, 0.3841, 0.1247],
        [0.9284, 0.4158, 0.5685, 0.4974, 0.3686, 0.7431, 0.1817, 0.1600],
        [0.2541, 0.0690, 0.3611, 0.1814, 0.9477, 0.6948, 0.5803, 0.5864],
        [0.0111, 0.9819, 0.5165, 0.9790, 0.8677, 0.8973, 0.9010, 0.4158],
        [0.3229, 0.6110, 0.7758, 0.5179, 0.2733, 0.1066, 0.7092, 0.6586]],
       dtype=torch.float64)
score=tensor([[29638.6438,  4068.8283],
        [ 3791.5562,   520.8459]], dtype=torch.float64) score.shape=torch.Size([2, 2])
Score masked: score=tensor([[10478.8430,       -inf],
        [ 1340.5175,   184.1468]], dtype=torch.float64) mask=tensor([[1, 0],
        [1, 1]], dtype=torch.int32)
soft_max_out=tensor([[1., 0.],
        [1., 0.]], dtype=torch.float64) soft_max_out.shape=torch.Size([2, 2])
Z=tensor([[54.9449, 69.0846, 71.7182, 51.1534, 71.8309, 61.3478, 64.5468, 49.7106],
        [54.9449, 69.0846, 71.7182, 51.1534, 71.8309, 61.3478, 64.5468, 49.7106]],
       dtype=torch.float64) Z.shape=torch.Size([2, 8])
head=tensor([[54.9449, 69.0846, 71.7182, 51.1534, 71.8309, 61.3478, 64.5468, 49.7106,
         54.9449, 69.0846, 71.7182, 51.1534, 71.8309, 61.3478, 64.5468, 49.7106],
        [54.9449, 69.0846, 71.7182, 51.1534, 71.8309, 61.3478, 64.5468, 49.7106,
         54.9449, 69.0846, 71.7182, 51.1534, 71.8309, 61.3478, 64.5468, 49.7106]],
       dtype=torch.float64)
head.shape=torch.Size([2, 16]) self.W_multi_head.shape=torch.Size([16, 16])
multi_head_out=tensor([[324.1462, 384.5707, 492.1061, 543.9153, 568.3734, 385.3410, 280.0153,
         537.6216, 605.6113, 495.4612, 538.8712, 482.9354, 482.0602, 408.1026,
         501.8579, 357.3585],
        [324.1462, 384.5707, 492.1061, 543.9153, 568.3734, 385.3410, 280.0153,
         537.6216, 605.6113, 495.4612, 538.8712, 482.9354, 482.0602, 408.1026,
         501.8579, 357.3585]], dtype=torch.float64) X_in=tensor([[ 0.,  1.,  2.,  3.,  4.,  5.,  6.,  7.,  8.,  9., 10., 11., 12., 13.,
         14., 15.],
        [ 1.,  1.,  1.,  1.,  1.,  1.,  1.,  1.,  1.,  1.,  1.,  1.,  1.,  1.,
          1.,  1.]], dtype=torch.float64)
X_in=tensor([[-1.5838, -0.9134,  0.2710,  0.8473,  1.1252, -0.8614, -1.9999,  0.8223,
          1.5752,  0.3840,  0.8687,  0.2692,  0.2705, -0.5257,  0.5084, -1.0576],
        [-1.5119, -0.8481,  0.3332,  0.9024,  1.1711, -0.8396, -1.9967,  0.8332,
          1.5801,  0.3701,  0.8470,  0.2325,  0.2229, -0.5896,  0.4404, -1.1470]],
       dtype=torch.float64)
Q=tensor([[ 1.0607,  0.5712,  0.6838,  1.3151,  1.5139,  0.1407, -0.8671,  0.7044],
        [ 1.0312,  0.5249,  0.6125,  1.3200,  1.5243,  0.1315, -0.8738,  0.6541]],
       dtype=torch.float64) Q.shape=torch.Size([2, 8]) self.W_q=tensor([[0.0611, 0.2246, 0.2343, 0.1771, 0.5561, 0.1094, 0.4609, 0.7084],
        [0.5798, 0.4967, 0.5104, 0.3295, 0.7182, 0.3845, 0.0898, 0.1175],
        [0.6402, 0.1968, 0.5124, 0.7118, 0.9249, 0.9997, 0.8927, 0.8767],
        [0.8450, 0.1544, 0.1705, 0.9842, 0.8127, 0.4358, 0.4143, 0.4284],
        [0.7578, 0.9225, 0.9643, 0.1760, 0.9539, 0.3134, 0.4544, 0.2956],
        [0.1875, 0.2433, 0.3493, 0.4441, 0.4069, 0.2859, 0.8036, 0.3218],
        [0.3639, 0.2985, 0.6635, 0.2552, 0.4144, 0.8396, 0.7418, 0.2865],
        [0.7929, 0.5001, 0.8977, 0.1051, 0.5809, 0.9867, 0.1315, 0.2391],
        [0.3047, 0.5158, 0.4514, 0.4929, 0.5301, 0.2647, 0.1671, 0.5482],
        [0.2380, 0.5374, 0.4422, 0.6454, 0.5376, 0.2245, 0.6632, 0.8439],
        [0.0109, 0.2807, 0.9301, 0.5438, 0.8123, 0.7750, 0.7308, 0.9924],
        [0.7282, 0.2328, 0.9997, 0.5540, 0.4200, 0.5419, 0.8642, 0.4312],
        [0.1213, 0.8956, 0.8784, 0.9128, 0.9688, 0.4150, 0.4094, 0.6885],
        [0.6800, 0.6415, 0.4019, 0.4875, 0.9569, 0.5172, 0.9534, 0.8540],
        [0.9555, 0.0836, 0.1684, 0.1883, 0.9384, 0.3543, 0.2027, 0.5069],
        [0.7145, 0.6801, 0.9717, 0.2403, 0.3372, 0.5260, 0.1794, 0.4793]],
       dtype=torch.float64)
K=tensor([[-1.6796,  0.1619, -0.1320,  0.9981, -0.8720,  1.4816,  0.4028, -1.1934],
        [-1.6766,  0.1709, -0.1244,  0.9849, -0.8756,  1.4843,  0.4033, -1.1954],
        [-1.6752,  0.1649, -0.1393,  0.9982, -0.8745,  1.4912,  0.4133, -1.1940],
        [-1.6463,  0.1992, -0.1200,  0.9416, -0.8848,  1.5019,  0.5090, -1.1946],
        [-1.5511,  0.2503, -0.0917,  0.8052, -0.9162,  1.5223,  0.7359, -1.1856],
        [-1.6851,  0.1829, -0.1396,  1.0076, -0.8645,  1.4766,  0.4123, -1.1755],
        [-1.6675,  0.1831, -0.1400,  0.9880, -0.8789,  1.4925,  0.4191, -1.1841]],
       dtype=torch.float64, grad_fn=<MmBackward0>) K.shape=torch.Size([7, 8]) tensor([[0.9176, 0.0969, 0.7088, 0.5403, 0.9133, 0.5257, 0.1204, 0.2669],
        [0.6928, 0.4623, 0.0821, 0.6830, 0.6197, 0.8080, 0.7328, 0.3664],
        [0.9414, 0.1970, 0.7579, 0.1139, 0.7440, 0.7068, 0.7945, 0.6953],
        [0.4236, 0.1344, 0.8726, 0.0248, 0.1871, 0.4442, 0.0288, 0.1701],
        [0.5530, 0.3270, 0.7248, 0.3561, 0.3695, 0.8486, 0.3875, 0.1408],
        [0.4006, 0.0171, 0.7371, 0.6248, 0.5112, 0.6141, 0.4584, 0.3932],
        [0.9174, 0.2641, 0.5383, 0.1304, 0.2692, 0.5418, 0.0513, 0.7104],
        [0.2190, 0.5117, 0.4089, 0.7485, 0.9291, 0.5215, 0.6378, 0.5737],
        [0.1116, 0.2890, 0.3665, 0.5505, 0.4982, 0.8949, 0.1929, 0.6126],
        [0.9573, 0.3505, 0.9706, 0.8580, 0.6232, 0.6595, 0.0853, 0.7083],
        [0.3387, 0.3283, 0.1897, 0.6480, 0.0071, 0.7271, 0.5857, 0.4027],
        [0.5211, 0.9657, 0.5535, 0.6017, 0.2427, 0.5854, 0.5740, 0.5110],
        [0.5883, 0.7138, 0.1372, 0.6238, 0.3607, 0.3382, 0.5413, 0.4971],
        [0.5034, 0.7710, 0.2761, 0.0033, 0.5892, 0.0952, 0.2184, 0.6989],
        [0.6182, 0.3122, 0.0896, 0.1596, 0.0574, 0.9065, 0.8951, 0.0171],
        [0.1151, 0.6182, 0.4213, 0.2124, 0.4743, 0.2734, 0.9921, 0.9287]],
       dtype=torch.float64)
V=tensor([[ 1.3226, -0.9283, -0.4366, -0.9348,  0.0548,  2.5034, -0.4848, -1.7946],
        [ 1.3255, -0.9173, -0.4344, -0.9317,  0.0644,  2.4976, -0.4901, -1.7927],
        [ 1.3080, -0.9191, -0.4322, -0.9298,  0.0563,  2.4958, -0.4695, -1.7992],
        [ 1.3279, -0.8600, -0.4126, -0.8602,  0.0315,  2.4558, -0.4728, -1.7753],
        [ 1.3327, -0.6981, -0.3379, -0.6953, -0.0400,  2.3509, -0.4431, -1.7141],
        [ 1.3290, -0.9346, -0.4285, -0.9389,  0.0436,  2.4920, -0.4843, -1.7971],
        [ 1.3106, -0.9135, -0.4181, -0.9280,  0.0471,  2.5027, -0.4741, -1.8083]],
       dtype=torch.float64, grad_fn=<MmBackward0>) V.shape=torch.Size([7, 8]) self.W_v=tensor([[0.4771, 0.7317, 0.0576, 0.9432, 0.9486, 0.5513, 0.4101, 0.7596],
        [0.1079, 0.4531, 0.1762, 0.8590, 0.4101, 0.0046, 0.5489, 0.3399],
        [0.4035, 0.6980, 0.4398, 0.2253, 0.2283, 0.5055, 0.3547, 0.1605],
        [0.6428, 0.4947, 0.3211, 0.0070, 0.9626, 0.4930, 0.1573, 0.1466],
        [0.4337, 0.5801, 0.0415, 0.5750, 0.9796, 0.8258, 0.2627, 0.8009],
        [0.8512, 0.7802, 0.6454, 0.5386, 0.1792, 0.1877, 0.2942, 0.5359],
        [0.1093, 0.8584, 0.9864, 0.1241, 0.7169, 0.0822, 0.4824, 0.6482],
        [0.8485, 0.3716, 0.2252, 0.5579, 0.7592, 0.0820, 0.2454, 0.7402],
        [0.4686, 0.3573, 0.9693, 0.3870, 0.2020, 0.6892, 0.3514, 0.2458],
        [0.1752, 0.0981, 0.2589, 0.0731, 0.5745, 0.6247, 0.7559, 0.3685],
        [0.3979, 0.9075, 0.8795, 0.0108, 0.7215, 0.9119, 0.8867, 0.1758],
        [0.9790, 0.9240, 0.8681, 0.5926, 0.6049, 0.1070, 0.3841, 0.1247],
        [0.9284, 0.4158, 0.5685, 0.4974, 0.3686, 0.7431, 0.1817, 0.1600],
        [0.2541, 0.0690, 0.3611, 0.1814, 0.9477, 0.6948, 0.5803, 0.5864],
        [0.0111, 0.9819, 0.5165, 0.9790, 0.8677, 0.8973, 0.9010, 0.4158],
        [0.3229, 0.6110, 0.7758, 0.5179, 0.2733, 0.1066, 0.7092, 0.6586]],
       dtype=torch.float64)
score=tensor([[-2.7685, -2.7792, -2.7787, -2.8874, -3.1521, -2.7399, -2.7787],
        [-2.6775, -2.6892, -2.6876, -2.8012, -3.0762, -2.6499, -2.6892]],
       dtype=torch.float64, grad_fn=<MmBackward0>) score.shape=torch.Size([2, 7])
soft_max_out=tensor([[0.1464, 0.1458, 0.1459, 0.1404, 0.1278, 0.1479, 0.1459],
        [0.1465, 0.1459, 0.1460, 0.1403, 0.1273, 0.1480, 0.1459]],
       dtype=torch.float64, grad_fn=<SoftmaxBackward0>) soft_max_out.shape=torch.Size([2, 7])
Z=tensor([[ 1.3221, -0.8851, -0.4157, -0.8921,  0.0383,  2.4735, -0.4747, -1.7844],
        [ 1.3221, -0.8852, -0.4158, -0.8923,  0.0383,  2.4736, -0.4747, -1.7844]],
       dtype=torch.float64, grad_fn=<MmBackward0>) Z.shape=torch.Size([2, 8])
X_in=tensor([[-1.5838, -0.9134,  0.2710,  0.8473,  1.1252, -0.8614, -1.9999,  0.8223,
          1.5752,  0.3840,  0.8687,  0.2692,  0.2705, -0.5257,  0.5084, -1.0576],
        [-1.5119, -0.8481,  0.3332,  0.9024,  1.1711, -0.8396, -1.9967,  0.8332,
          1.5801,  0.3701,  0.8470,  0.2325,  0.2229, -0.5896,  0.4404, -1.1470]],
       dtype=torch.float64)
Q=tensor([[ 1.0607,  0.5712,  0.6838,  1.3151,  1.5139,  0.1407, -0.8671,  0.7044],
        [ 1.0312,  0.5249,  0.6125,  1.3200,  1.5243,  0.1315, -0.8738,  0.6541]],
       dtype=torch.float64) Q.shape=torch.Size([2, 8]) self.W_q=tensor([[0.0611, 0.2246, 0.2343, 0.1771, 0.5561, 0.1094, 0.4609, 0.7084],
        [0.5798, 0.4967, 0.5104, 0.3295, 0.7182, 0.3845, 0.0898, 0.1175],
        [0.6402, 0.1968, 0.5124, 0.7118, 0.9249, 0.9997, 0.8927, 0.8767],
        [0.8450, 0.1544, 0.1705, 0.9842, 0.8127, 0.4358, 0.4143, 0.4284],
        [0.7578, 0.9225, 0.9643, 0.1760, 0.9539, 0.3134, 0.4544, 0.2956],
        [0.1875, 0.2433, 0.3493, 0.4441, 0.4069, 0.2859, 0.8036, 0.3218],
        [0.3639, 0.2985, 0.6635, 0.2552, 0.4144, 0.8396, 0.7418, 0.2865],
        [0.7929, 0.5001, 0.8977, 0.1051, 0.5809, 0.9867, 0.1315, 0.2391],
        [0.3047, 0.5158, 0.4514, 0.4929, 0.5301, 0.2647, 0.1671, 0.5482],
        [0.2380, 0.5374, 0.4422, 0.6454, 0.5376, 0.2245, 0.6632, 0.8439],
        [0.0109, 0.2807, 0.9301, 0.5438, 0.8123, 0.7750, 0.7308, 0.9924],
        [0.7282, 0.2328, 0.9997, 0.5540, 0.4200, 0.5419, 0.8642, 0.4312],
        [0.1213, 0.8956, 0.8784, 0.9128, 0.9688, 0.4150, 0.4094, 0.6885],
        [0.6800, 0.6415, 0.4019, 0.4875, 0.9569, 0.5172, 0.9534, 0.8540],
        [0.9555, 0.0836, 0.1684, 0.1883, 0.9384, 0.3543, 0.2027, 0.5069],
        [0.7145, 0.6801, 0.9717, 0.2403, 0.3372, 0.5260, 0.1794, 0.4793]],
       dtype=torch.float64)
K=tensor([[-1.6796,  0.1619, -0.1320,  0.9981, -0.8720,  1.4816,  0.4028, -1.1934],
        [-1.6766,  0.1709, -0.1244,  0.9849, -0.8756,  1.4843,  0.4033, -1.1954],
        [-1.6752,  0.1649, -0.1393,  0.9982, -0.8745,  1.4912,  0.4133, -1.1940],
        [-1.6463,  0.1992, -0.1200,  0.9416, -0.8848,  1.5019,  0.5090, -1.1946],
        [-1.5511,  0.2503, -0.0917,  0.8052, -0.9162,  1.5223,  0.7359, -1.1856],
        [-1.6851,  0.1829, -0.1396,  1.0076, -0.8645,  1.4766,  0.4123, -1.1755],
        [-1.6675,  0.1831, -0.1400,  0.9880, -0.8789,  1.4925,  0.4191, -1.1841]],
       dtype=torch.float64, grad_fn=<MmBackward0>) K.shape=torch.Size([7, 8]) tensor([[0.9176, 0.0969, 0.7088, 0.5403, 0.9133, 0.5257, 0.1204, 0.2669],
        [0.6928, 0.4623, 0.0821, 0.6830, 0.6197, 0.8080, 0.7328, 0.3664],
        [0.9414, 0.1970, 0.7579, 0.1139, 0.7440, 0.7068, 0.7945, 0.6953],
        [0.4236, 0.1344, 0.8726, 0.0248, 0.1871, 0.4442, 0.0288, 0.1701],
        [0.5530, 0.3270, 0.7248, 0.3561, 0.3695, 0.8486, 0.3875, 0.1408],
        [0.4006, 0.0171, 0.7371, 0.6248, 0.5112, 0.6141, 0.4584, 0.3932],
        [0.9174, 0.2641, 0.5383, 0.1304, 0.2692, 0.5418, 0.0513, 0.7104],
        [0.2190, 0.5117, 0.4089, 0.7485, 0.9291, 0.5215, 0.6378, 0.5737],
        [0.1116, 0.2890, 0.3665, 0.5505, 0.4982, 0.8949, 0.1929, 0.6126],
        [0.9573, 0.3505, 0.9706, 0.8580, 0.6232, 0.6595, 0.0853, 0.7083],
        [0.3387, 0.3283, 0.1897, 0.6480, 0.0071, 0.7271, 0.5857, 0.4027],
        [0.5211, 0.9657, 0.5535, 0.6017, 0.2427, 0.5854, 0.5740, 0.5110],
        [0.5883, 0.7138, 0.1372, 0.6238, 0.3607, 0.3382, 0.5413, 0.4971],
        [0.5034, 0.7710, 0.2761, 0.0033, 0.5892, 0.0952, 0.2184, 0.6989],
        [0.6182, 0.3122, 0.0896, 0.1596, 0.0574, 0.9065, 0.8951, 0.0171],
        [0.1151, 0.6182, 0.4213, 0.2124, 0.4743, 0.2734, 0.9921, 0.9287]],
       dtype=torch.float64)
V=tensor([[ 1.3226, -0.9283, -0.4366, -0.9348,  0.0548,  2.5034, -0.4848, -1.7946],
        [ 1.3255, -0.9173, -0.4344, -0.9317,  0.0644,  2.4976, -0.4901, -1.7927],
        [ 1.3080, -0.9191, -0.4322, -0.9298,  0.0563,  2.4958, -0.4695, -1.7992],
        [ 1.3279, -0.8600, -0.4126, -0.8602,  0.0315,  2.4558, -0.4728, -1.7753],
        [ 1.3327, -0.6981, -0.3379, -0.6953, -0.0400,  2.3509, -0.4431, -1.7141],
        [ 1.3290, -0.9346, -0.4285, -0.9389,  0.0436,  2.4920, -0.4843, -1.7971],
        [ 1.3106, -0.9135, -0.4181, -0.9280,  0.0471,  2.5027, -0.4741, -1.8083]],
       dtype=torch.float64, grad_fn=<MmBackward0>) V.shape=torch.Size([7, 8]) self.W_v=tensor([[0.4771, 0.7317, 0.0576, 0.9432, 0.9486, 0.5513, 0.4101, 0.7596],
        [0.1079, 0.4531, 0.1762, 0.8590, 0.4101, 0.0046, 0.5489, 0.3399],
        [0.4035, 0.6980, 0.4398, 0.2253, 0.2283, 0.5055, 0.3547, 0.1605],
        [0.6428, 0.4947, 0.3211, 0.0070, 0.9626, 0.4930, 0.1573, 0.1466],
        [0.4337, 0.5801, 0.0415, 0.5750, 0.9796, 0.8258, 0.2627, 0.8009],
        [0.8512, 0.7802, 0.6454, 0.5386, 0.1792, 0.1877, 0.2942, 0.5359],
        [0.1093, 0.8584, 0.9864, 0.1241, 0.7169, 0.0822, 0.4824, 0.6482],
        [0.8485, 0.3716, 0.2252, 0.5579, 0.7592, 0.0820, 0.2454, 0.7402],
        [0.4686, 0.3573, 0.9693, 0.3870, 0.2020, 0.6892, 0.3514, 0.2458],
        [0.1752, 0.0981, 0.2589, 0.0731, 0.5745, 0.6247, 0.7559, 0.3685],
        [0.3979, 0.9075, 0.8795, 0.0108, 0.7215, 0.9119, 0.8867, 0.1758],
        [0.9790, 0.9240, 0.8681, 0.5926, 0.6049, 0.1070, 0.3841, 0.1247],
        [0.9284, 0.4158, 0.5685, 0.4974, 0.3686, 0.7431, 0.1817, 0.1600],
        [0.2541, 0.0690, 0.3611, 0.1814, 0.9477, 0.6948, 0.5803, 0.5864],
        [0.0111, 0.9819, 0.5165, 0.9790, 0.8677, 0.8973, 0.9010, 0.4158],
        [0.3229, 0.6110, 0.7758, 0.5179, 0.2733, 0.1066, 0.7092, 0.6586]],
       dtype=torch.float64)
score=tensor([[-2.7685, -2.7792, -2.7787, -2.8874, -3.1521, -2.7399, -2.7787],
        [-2.6775, -2.6892, -2.6876, -2.8012, -3.0762, -2.6499, -2.6892]],
       dtype=torch.float64, grad_fn=<MmBackward0>) score.shape=torch.Size([2, 7])
soft_max_out=tensor([[0.1464, 0.1458, 0.1459, 0.1404, 0.1278, 0.1479, 0.1459],
        [0.1465, 0.1459, 0.1460, 0.1403, 0.1273, 0.1480, 0.1459]],
       dtype=torch.float64, grad_fn=<SoftmaxBackward0>) soft_max_out.shape=torch.Size([2, 7])
Z=tensor([[ 1.3221, -0.8851, -0.4157, -0.8921,  0.0383,  2.4735, -0.4747, -1.7844],
        [ 1.3221, -0.8852, -0.4158, -0.8923,  0.0383,  2.4736, -0.4747, -1.7844]],
       dtype=torch.float64, grad_fn=<MmBackward0>) Z.shape=torch.Size([2, 8])
head=tensor([[ 1.3221, -0.8851, -0.4157, -0.8921,  0.0383,  2.4735, -0.4747, -1.7844,
          1.3221, -0.8851, -0.4157, -0.8921,  0.0383,  2.4735, -0.4747, -1.7844],
        [ 1.3221, -0.8852, -0.4158, -0.8923,  0.0383,  2.4736, -0.4747, -1.7844,
          1.3221, -0.8852, -0.4158, -0.8923,  0.0383,  2.4736, -0.4747, -1.7844]],
       dtype=torch.float64, grad_fn=<CatBackward0>)
head.shape=torch.Size([2, 16]) self.W_multi_head.shape=torch.Size([16, 16])
multi_head_out=tensor([[ 1.0369, -3.5299, -0.7717,  0.9163,  3.4306, -2.9390, -0.1173, -2.0728,
          0.2963,  2.3451, -1.3097, -1.6590, -0.2611, -2.7148, -1.0896, -0.1782],
        [ 1.0369, -3.5301, -0.7721,  0.9162,  3.4305, -2.9394, -0.1175, -2.0732,
          0.2961,  2.3451, -1.3098, -1.6593, -0.2612, -2.7150, -1.0899, -0.1782]],
       dtype=torch.float64, grad_fn=<MmBackward0>) X_in=tensor([[-1.5838, -0.9134,  0.2710,  0.8473,  1.1252, -0.8614, -1.9999,  0.8223,
          1.5752,  0.3840,  0.8687,  0.2692,  0.2705, -0.5257,  0.5084, -1.0576],
        [-1.5119, -0.8481,  0.3332,  0.9024,  1.1711, -0.8396, -1.9967,  0.8332,
          1.5801,  0.3701,  0.8470,  0.2325,  0.2229, -0.5896,  0.4404, -1.1470]],
       dtype=torch.float64)
decoder_out=tensor([[-1.5170, -0.8636,  0.3332,  0.9013,  1.1783, -0.8362, -1.9918,  0.8316,
          1.5747,  0.3727,  0.8455,  0.2400,  0.2219, -0.5895,  0.4399, -1.1410],
        [-1.5140, -0.8464,  0.3294,  0.9099,  1.1651, -0.8341, -1.9942,  0.8372,
          1.5744,  0.3755,  0.8538,  0.2315,  0.2119, -0.5917,  0.4446, -1.1529]],
       dtype=torch.float64, grad_fn=<NativeLayerNormBackward0>) X_out=tensor([[ 0.,  1.,  2.,  3.,  4.,  5.,  6.,  7.,  8.,  9., 10., 11., 12., 13.,
         14., 15.],
        [ 1.,  1.,  1.,  1.,  1.,  1.,  1.,  1.,  1.,  1.,  1.,  1.,  1.,  1.,
          1.,  1.],
        [ 1.,  1.,  1.,  1.,  1.,  1.,  1.,  1.,  1.,  1.,  1.,  1.,  1.,  1.,
          1.,  1.],
        [ 1.,  1.,  1.,  1.,  1.,  1.,  1.,  1.,  1.,  1.,  1.,  1.,  1.,  1.,
          1.,  1.],
        [ 1.,  1.,  1.,  1.,  1.,  1.,  1.,  1.,  1.,  1.,  1.,  1.,  1.,  1.,
          1.,  1.],
        [ 1.,  1.,  1.,  1.,  1.,  1.,  1.,  1.,  1.,  1.,  1.,  1.,  1.,  1.,
          1.,  1.],
        [ 1.,  1.,  1.,  1.,  1.,  1.,  1.,  1.,  1.,  1.,  1.,  1.,  1.,  1.,
          1.,  1.]], dtype=torch.float64)
logits_prob=tensor([1.5242e-05, 1.5660e-05, 3.4713e-05,  ..., 2.7300e-05, 4.4179e-05,
        8.2722e-05], dtype=torch.float64, grad_fn=<SoftmaxBackward0>)
X_out=tensor([[ 0.,  1.,  2.,  3.,  4.,  5.,  6.,  7.,  8.,  9., 10., 11., 12., 13.,
         14., 15.],
        [ 1.,  1.,  1.,  1.,  1.,  1.,  1.,  1.,  1.,  1.,  1.,  1.,  1.,  1.,
          1.,  1.],
        [ 1.,  1.,  1.,  1.,  1.,  1.,  1.,  1.,  1.,  1.,  1.,  1.,  1.,  1.,
          1.,  1.],
        [ 1.,  1.,  1.,  1.,  1.,  1.,  1.,  1.,  1.,  1.,  1.,  1.,  1.,  1.,
          1.,  1.],
        [ 1.,  1.,  1.,  1.,  1.,  1.,  1.,  1.,  1.,  1.,  1.,  1.,  1.,  1.,
          1.,  1.],
        [ 1.,  1.,  1.,  1.,  1.,  1.,  1.,  1.,  1.,  1.,  1.,  1.,  1.,  1.,
          1.,  1.],
        [ 1.,  1.,  1.,  1.,  1.,  1.,  1.,  1.,  1.,  1.,  1.,  1.,  1.,  1.,
          1.,  1.]], dtype=torch.float64) token_embedding=tensor([[-1.1233,  2.4488, -0.4281,  0.6500,  1.2522,  0.2673,  0.3771,  0.7161,
         -0.2296,  0.6136,  1.1893,  0.6170, -1.0088,  1.1986,  0.3484, -0.3813]],
       dtype=torch.float64, grad_fn=<CopySlices>)
X_out=tensor([[ 0.0000,  1.0000,  2.0000,  3.0000,  4.0000,  5.0000,  6.0000,  7.0000,
          8.0000,  9.0000, 10.0000, 11.0000, 12.0000, 13.0000, 14.0000, 15.0000],
        [-1.1233,  2.4488, -0.4281,  0.6500,  1.2522,  0.2673,  0.3771,  0.7161,
         -0.2296,  0.6136,  1.1893,  0.6170, -1.0088,  1.1986,  0.3484, -0.3813],
        [ 1.0000,  1.0000,  1.0000,  1.0000,  1.0000,  1.0000,  1.0000,  1.0000,
          1.0000,  1.0000,  1.0000,  1.0000,  1.0000,  1.0000,  1.0000,  1.0000],
        [ 1.0000,  1.0000,  1.0000,  1.0000,  1.0000,  1.0000,  1.0000,  1.0000,
          1.0000,  1.0000,  1.0000,  1.0000,  1.0000,  1.0000,  1.0000,  1.0000],
        [ 1.0000,  1.0000,  1.0000,  1.0000,  1.0000,  1.0000,  1.0000,  1.0000,
          1.0000,  1.0000,  1.0000,  1.0000,  1.0000,  1.0000,  1.0000,  1.0000],
        [ 1.0000,  1.0000,  1.0000,  1.0000,  1.0000,  1.0000,  1.0000,  1.0000,
          1.0000,  1.0000,  1.0000,  1.0000,  1.0000,  1.0000,  1.0000,  1.0000],
        [ 1.0000,  1.0000,  1.0000,  1.0000,  1.0000,  1.0000,  1.0000,  1.0000,
          1.0000,  1.0000,  1.0000,  1.0000,  1.0000,  1.0000,  1.0000,  1.0000]],
       dtype=torch.float64, grad_fn=<CopySlices>)
Next token is: northwest X_input: X_in=tensor([[ 0.0000,  1.0000,  2.0000,  3.0000,  4.0000,  5.0000,  6.0000,  7.0000,
          8.0000,  9.0000, 10.0000, 11.0000, 12.0000, 13.0000, 14.0000, 15.0000],
        [-1.1233,  2.4488, -0.4281,  0.6500,  1.2522,  0.2673,  0.3771,  0.7161,
         -0.2296,  0.6136,  1.1893,  0.6170, -1.0088,  1.1986,  0.3484, -0.3813],
        [ 1.0000,  1.0000,  1.0000,  1.0000,  1.0000,  1.0000,  1.0000,  1.0000,
          1.0000,  1.0000,  1.0000,  1.0000,  1.0000,  1.0000,  1.0000,  1.0000]],
       dtype=torch.float64, grad_fn=<SliceBackward0>)
X_in=tensor([[ 0.0000,  1.0000,  2.0000,  3.0000,  4.0000,  5.0000,  6.0000,  7.0000,
          8.0000,  9.0000, 10.0000, 11.0000, 12.0000, 13.0000, 14.0000, 15.0000],
        [-1.1233,  2.4488, -0.4281,  0.6500,  1.2522,  0.2673,  0.3771,  0.7161,
         -0.2296,  0.6136,  1.1893,  0.6170, -1.0088,  1.1986,  0.3484, -0.3813],
        [ 1.0000,  1.0000,  1.0000,  1.0000,  1.0000,  1.0000,  1.0000,  1.0000,
          1.0000,  1.0000,  1.0000,  1.0000,  1.0000,  1.0000,  1.0000,  1.0000]],
       dtype=torch.float64, grad_fn=<SliceBackward0>)
Q=tensor([[63.1846, 56.3415, 78.5034, 54.7119, 81.4926, 60.7211, 61.2801, 69.6383],
        [ 4.6218,  2.9951,  4.2466,  2.3625,  4.9434,  3.6232,  3.2498,  2.2918],
        [ 7.9810,  6.9044,  9.5463,  7.2480, 10.8693,  7.9736,  8.1592,  8.6183]],
       dtype=torch.float64, grad_fn=<MmBackward0>) Q.shape=torch.Size([3, 8]) self.W_q=tensor([[0.0611, 0.2246, 0.2343, 0.1771, 0.5561, 0.1094, 0.4609, 0.7084],
        [0.5798, 0.4967, 0.5104, 0.3295, 0.7182, 0.3845, 0.0898, 0.1175],
        [0.6402, 0.1968, 0.5124, 0.7118, 0.9249, 0.9997, 0.8927, 0.8767],
        [0.8450, 0.1544, 0.1705, 0.9842, 0.8127, 0.4358, 0.4143, 0.4284],
        [0.7578, 0.9225, 0.9643, 0.1760, 0.9539, 0.3134, 0.4544, 0.2956],
        [0.1875, 0.2433, 0.3493, 0.4441, 0.4069, 0.2859, 0.8036, 0.3218],
        [0.3639, 0.2985, 0.6635, 0.2552, 0.4144, 0.8396, 0.7418, 0.2865],
        [0.7929, 0.5001, 0.8977, 0.1051, 0.5809, 0.9867, 0.1315, 0.2391],
        [0.3047, 0.5158, 0.4514, 0.4929, 0.5301, 0.2647, 0.1671, 0.5482],
        [0.2380, 0.5374, 0.4422, 0.6454, 0.5376, 0.2245, 0.6632, 0.8439],
        [0.0109, 0.2807, 0.9301, 0.5438, 0.8123, 0.7750, 0.7308, 0.9924],
        [0.7282, 0.2328, 0.9997, 0.5540, 0.4200, 0.5419, 0.8642, 0.4312],
        [0.1213, 0.8956, 0.8784, 0.9128, 0.9688, 0.4150, 0.4094, 0.6885],
        [0.6800, 0.6415, 0.4019, 0.4875, 0.9569, 0.5172, 0.9534, 0.8540],
        [0.9555, 0.0836, 0.1684, 0.1883, 0.9384, 0.3543, 0.2027, 0.5069],
        [0.7145, 0.6801, 0.9717, 0.2403, 0.3372, 0.5260, 0.1794, 0.4793]],
       dtype=torch.float64)
K=tensor([[57.7107, 59.4244, 49.3530, 49.7288, 47.0641, 65.8137, 62.2513, 63.2208],
        [ 3.3079,  3.1185,  2.3897,  3.1224,  2.2688,  4.5885,  3.1299,  2.4468],
        [ 8.8189,  6.3592,  7.8348,  6.8790,  7.3960,  9.4909,  7.2963,  7.6935]],
       dtype=torch.float64, grad_fn=<MmBackward0>) K.shape=torch.Size([3, 8]) tensor([[0.9176, 0.0969, 0.7088, 0.5403, 0.9133, 0.5257, 0.1204, 0.2669],
        [0.6928, 0.4623, 0.0821, 0.6830, 0.6197, 0.8080, 0.7328, 0.3664],
        [0.9414, 0.1970, 0.7579, 0.1139, 0.7440, 0.7068, 0.7945, 0.6953],
        [0.4236, 0.1344, 0.8726, 0.0248, 0.1871, 0.4442, 0.0288, 0.1701],
        [0.5530, 0.3270, 0.7248, 0.3561, 0.3695, 0.8486, 0.3875, 0.1408],
        [0.4006, 0.0171, 0.7371, 0.6248, 0.5112, 0.6141, 0.4584, 0.3932],
        [0.9174, 0.2641, 0.5383, 0.1304, 0.2692, 0.5418, 0.0513, 0.7104],
        [0.2190, 0.5117, 0.4089, 0.7485, 0.9291, 0.5215, 0.6378, 0.5737],
        [0.1116, 0.2890, 0.3665, 0.5505, 0.4982, 0.8949, 0.1929, 0.6126],
        [0.9573, 0.3505, 0.9706, 0.8580, 0.6232, 0.6595, 0.0853, 0.7083],
        [0.3387, 0.3283, 0.1897, 0.6480, 0.0071, 0.7271, 0.5857, 0.4027],
        [0.5211, 0.9657, 0.5535, 0.6017, 0.2427, 0.5854, 0.5740, 0.5110],
        [0.5883, 0.7138, 0.1372, 0.6238, 0.3607, 0.3382, 0.5413, 0.4971],
        [0.5034, 0.7710, 0.2761, 0.0033, 0.5892, 0.0952, 0.2184, 0.6989],
        [0.6182, 0.3122, 0.0896, 0.1596, 0.0574, 0.9065, 0.8951, 0.0171],
        [0.1151, 0.6182, 0.4213, 0.2124, 0.4743, 0.2734, 0.9921, 0.9287]],
       dtype=torch.float64)
V=tensor([[54.9449, 69.0846, 71.7182, 51.1534, 71.8309, 61.3478, 64.5468, 49.7106],
        [ 1.7185,  3.2349,  2.4065,  2.4562,  5.0550,  2.4008,  3.8297,  2.8174],
        [ 7.4111,  9.3323,  8.0908,  7.0691,  9.7448,  7.5069,  7.5059,  6.8674]],
       dtype=torch.float64, grad_fn=<MmBackward0>) V.shape=torch.Size([3, 8]) self.W_v=tensor([[0.4771, 0.7317, 0.0576, 0.9432, 0.9486, 0.5513, 0.4101, 0.7596],
        [0.1079, 0.4531, 0.1762, 0.8590, 0.4101, 0.0046, 0.5489, 0.3399],
        [0.4035, 0.6980, 0.4398, 0.2253, 0.2283, 0.5055, 0.3547, 0.1605],
        [0.6428, 0.4947, 0.3211, 0.0070, 0.9626, 0.4930, 0.1573, 0.1466],
        [0.4337, 0.5801, 0.0415, 0.5750, 0.9796, 0.8258, 0.2627, 0.8009],
        [0.8512, 0.7802, 0.6454, 0.5386, 0.1792, 0.1877, 0.2942, 0.5359],
        [0.1093, 0.8584, 0.9864, 0.1241, 0.7169, 0.0822, 0.4824, 0.6482],
        [0.8485, 0.3716, 0.2252, 0.5579, 0.7592, 0.0820, 0.2454, 0.7402],
        [0.4686, 0.3573, 0.9693, 0.3870, 0.2020, 0.6892, 0.3514, 0.2458],
        [0.1752, 0.0981, 0.2589, 0.0731, 0.5745, 0.6247, 0.7559, 0.3685],
        [0.3979, 0.9075, 0.8795, 0.0108, 0.7215, 0.9119, 0.8867, 0.1758],
        [0.9790, 0.9240, 0.8681, 0.5926, 0.6049, 0.1070, 0.3841, 0.1247],
        [0.9284, 0.4158, 0.5685, 0.4974, 0.3686, 0.7431, 0.1817, 0.1600],
        [0.2541, 0.0690, 0.3611, 0.1814, 0.9477, 0.6948, 0.5803, 0.5864],
        [0.0111, 0.9819, 0.5165, 0.9790, 0.8677, 0.8973, 0.9010, 0.4158],
        [0.3229, 0.6110, 0.7758, 0.5179, 0.2733, 0.1066, 0.7092, 0.6586]],
       dtype=torch.float64)
score=tensor([[29638.6438,  1568.8345,  4068.8283],
        [ 1590.0832,    85.7729,   221.6211],
        [ 3791.5562,   201.2466,   520.8459]], dtype=torch.float64,
       grad_fn=<MmBackward0>) score.shape=torch.Size([3, 3])
Score masked: score=tensor([[10478.8430,       -inf,       -inf],
        [  562.1793,    30.3253,       -inf],
        [ 1340.5175,    71.1514,   184.1468]], dtype=torch.float64,
       grad_fn=<MaskedFillBackward0>) mask=tensor([[1, 0, 0],
        [1, 1, 0],
        [1, 1, 1]], dtype=torch.int32)
soft_max_out=tensor([[ 1.0000e+00,  0.0000e+00,  0.0000e+00],
        [ 1.0000e+00, 1.0441e-231,  0.0000e+00],
        [ 1.0000e+00,  0.0000e+00,  0.0000e+00]], dtype=torch.float64,
       grad_fn=<SoftmaxBackward0>) soft_max_out.shape=torch.Size([3, 3])
Z=tensor([[54.9449, 69.0846, 71.7182, 51.1534, 71.8309, 61.3478, 64.5468, 49.7106],
        [54.9449, 69.0846, 71.7182, 51.1534, 71.8309, 61.3478, 64.5468, 49.7106],
        [54.9449, 69.0846, 71.7182, 51.1534, 71.8309, 61.3478, 64.5468, 49.7106]],
       dtype=torch.float64, grad_fn=<MmBackward0>) Z.shape=torch.Size([3, 8])
X_in=tensor([[ 0.0000,  1.0000,  2.0000,  3.0000,  4.0000,  5.0000,  6.0000,  7.0000,
          8.0000,  9.0000, 10.0000, 11.0000, 12.0000, 13.0000, 14.0000, 15.0000],
        [-1.1233,  2.4488, -0.4281,  0.6500,  1.2522,  0.2673,  0.3771,  0.7161,
         -0.2296,  0.6136,  1.1893,  0.6170, -1.0088,  1.1986,  0.3484, -0.3813],
        [ 1.0000,  1.0000,  1.0000,  1.0000,  1.0000,  1.0000,  1.0000,  1.0000,
          1.0000,  1.0000,  1.0000,  1.0000,  1.0000,  1.0000,  1.0000,  1.0000]],
       dtype=torch.float64, grad_fn=<SliceBackward0>)
Q=tensor([[63.1846, 56.3415, 78.5034, 54.7119, 81.4926, 60.7211, 61.2801, 69.6383],
        [ 4.6218,  2.9951,  4.2466,  2.3625,  4.9434,  3.6232,  3.2498,  2.2918],
        [ 7.9810,  6.9044,  9.5463,  7.2480, 10.8693,  7.9736,  8.1592,  8.6183]],
       dtype=torch.float64, grad_fn=<MmBackward0>) Q.shape=torch.Size([3, 8]) self.W_q=tensor([[0.0611, 0.2246, 0.2343, 0.1771, 0.5561, 0.1094, 0.4609, 0.7084],
        [0.5798, 0.4967, 0.5104, 0.3295, 0.7182, 0.3845, 0.0898, 0.1175],
        [0.6402, 0.1968, 0.5124, 0.7118, 0.9249, 0.9997, 0.8927, 0.8767],
        [0.8450, 0.1544, 0.1705, 0.9842, 0.8127, 0.4358, 0.4143, 0.4284],
        [0.7578, 0.9225, 0.9643, 0.1760, 0.9539, 0.3134, 0.4544, 0.2956],
        [0.1875, 0.2433, 0.3493, 0.4441, 0.4069, 0.2859, 0.8036, 0.3218],
        [0.3639, 0.2985, 0.6635, 0.2552, 0.4144, 0.8396, 0.7418, 0.2865],
        [0.7929, 0.5001, 0.8977, 0.1051, 0.5809, 0.9867, 0.1315, 0.2391],
        [0.3047, 0.5158, 0.4514, 0.4929, 0.5301, 0.2647, 0.1671, 0.5482],
        [0.2380, 0.5374, 0.4422, 0.6454, 0.5376, 0.2245, 0.6632, 0.8439],
        [0.0109, 0.2807, 0.9301, 0.5438, 0.8123, 0.7750, 0.7308, 0.9924],
        [0.7282, 0.2328, 0.9997, 0.5540, 0.4200, 0.5419, 0.8642, 0.4312],
        [0.1213, 0.8956, 0.8784, 0.9128, 0.9688, 0.4150, 0.4094, 0.6885],
        [0.6800, 0.6415, 0.4019, 0.4875, 0.9569, 0.5172, 0.9534, 0.8540],
        [0.9555, 0.0836, 0.1684, 0.1883, 0.9384, 0.3543, 0.2027, 0.5069],
        [0.7145, 0.6801, 0.9717, 0.2403, 0.3372, 0.5260, 0.1794, 0.4793]],
       dtype=torch.float64)
K=tensor([[57.7107, 59.4244, 49.3530, 49.7288, 47.0641, 65.8137, 62.2513, 63.2208],
        [ 3.3079,  3.1185,  2.3897,  3.1224,  2.2688,  4.5885,  3.1299,  2.4468],
        [ 8.8189,  6.3592,  7.8348,  6.8790,  7.3960,  9.4909,  7.2963,  7.6935]],
       dtype=torch.float64, grad_fn=<MmBackward0>) K.shape=torch.Size([3, 8]) tensor([[0.9176, 0.0969, 0.7088, 0.5403, 0.9133, 0.5257, 0.1204, 0.2669],
        [0.6928, 0.4623, 0.0821, 0.6830, 0.6197, 0.8080, 0.7328, 0.3664],
        [0.9414, 0.1970, 0.7579, 0.1139, 0.7440, 0.7068, 0.7945, 0.6953],
        [0.4236, 0.1344, 0.8726, 0.0248, 0.1871, 0.4442, 0.0288, 0.1701],
        [0.5530, 0.3270, 0.7248, 0.3561, 0.3695, 0.8486, 0.3875, 0.1408],
        [0.4006, 0.0171, 0.7371, 0.6248, 0.5112, 0.6141, 0.4584, 0.3932],
        [0.9174, 0.2641, 0.5383, 0.1304, 0.2692, 0.5418, 0.0513, 0.7104],
        [0.2190, 0.5117, 0.4089, 0.7485, 0.9291, 0.5215, 0.6378, 0.5737],
        [0.1116, 0.2890, 0.3665, 0.5505, 0.4982, 0.8949, 0.1929, 0.6126],
        [0.9573, 0.3505, 0.9706, 0.8580, 0.6232, 0.6595, 0.0853, 0.7083],
        [0.3387, 0.3283, 0.1897, 0.6480, 0.0071, 0.7271, 0.5857, 0.4027],
        [0.5211, 0.9657, 0.5535, 0.6017, 0.2427, 0.5854, 0.5740, 0.5110],
        [0.5883, 0.7138, 0.1372, 0.6238, 0.3607, 0.3382, 0.5413, 0.4971],
        [0.5034, 0.7710, 0.2761, 0.0033, 0.5892, 0.0952, 0.2184, 0.6989],
        [0.6182, 0.3122, 0.0896, 0.1596, 0.0574, 0.9065, 0.8951, 0.0171],
        [0.1151, 0.6182, 0.4213, 0.2124, 0.4743, 0.2734, 0.9921, 0.9287]],
       dtype=torch.float64)
V=tensor([[54.9449, 69.0846, 71.7182, 51.1534, 71.8309, 61.3478, 64.5468, 49.7106],
        [ 1.7185,  3.2349,  2.4065,  2.4562,  5.0550,  2.4008,  3.8297,  2.8174],
        [ 7.4111,  9.3323,  8.0908,  7.0691,  9.7448,  7.5069,  7.5059,  6.8674]],
       dtype=torch.float64, grad_fn=<MmBackward0>) V.shape=torch.Size([3, 8]) self.W_v=tensor([[0.4771, 0.7317, 0.0576, 0.9432, 0.9486, 0.5513, 0.4101, 0.7596],
        [0.1079, 0.4531, 0.1762, 0.8590, 0.4101, 0.0046, 0.5489, 0.3399],
        [0.4035, 0.6980, 0.4398, 0.2253, 0.2283, 0.5055, 0.3547, 0.1605],
        [0.6428, 0.4947, 0.3211, 0.0070, 0.9626, 0.4930, 0.1573, 0.1466],
        [0.4337, 0.5801, 0.0415, 0.5750, 0.9796, 0.8258, 0.2627, 0.8009],
        [0.8512, 0.7802, 0.6454, 0.5386, 0.1792, 0.1877, 0.2942, 0.5359],
        [0.1093, 0.8584, 0.9864, 0.1241, 0.7169, 0.0822, 0.4824, 0.6482],
        [0.8485, 0.3716, 0.2252, 0.5579, 0.7592, 0.0820, 0.2454, 0.7402],
        [0.4686, 0.3573, 0.9693, 0.3870, 0.2020, 0.6892, 0.3514, 0.2458],
        [0.1752, 0.0981, 0.2589, 0.0731, 0.5745, 0.6247, 0.7559, 0.3685],
        [0.3979, 0.9075, 0.8795, 0.0108, 0.7215, 0.9119, 0.8867, 0.1758],
        [0.9790, 0.9240, 0.8681, 0.5926, 0.6049, 0.1070, 0.3841, 0.1247],
        [0.9284, 0.4158, 0.5685, 0.4974, 0.3686, 0.7431, 0.1817, 0.1600],
        [0.2541, 0.0690, 0.3611, 0.1814, 0.9477, 0.6948, 0.5803, 0.5864],
        [0.0111, 0.9819, 0.5165, 0.9790, 0.8677, 0.8973, 0.9010, 0.4158],
        [0.3229, 0.6110, 0.7758, 0.5179, 0.2733, 0.1066, 0.7092, 0.6586]],
       dtype=torch.float64)
score=tensor([[29638.6438,  1568.8345,  4068.8283],
        [ 1590.0832,    85.7729,   221.6211],
        [ 3791.5562,   201.2466,   520.8459]], dtype=torch.float64,
       grad_fn=<MmBackward0>) score.shape=torch.Size([3, 3])
Score masked: score=tensor([[10478.8430,       -inf,       -inf],
        [  562.1793,    30.3253,       -inf],
        [ 1340.5175,    71.1514,   184.1468]], dtype=torch.float64,
       grad_fn=<MaskedFillBackward0>) mask=tensor([[1, 0, 0],
        [1, 1, 0],
        [1, 1, 1]], dtype=torch.int32)
soft_max_out=tensor([[ 1.0000e+00,  0.0000e+00,  0.0000e+00],
        [ 1.0000e+00, 1.0441e-231,  0.0000e+00],
        [ 1.0000e+00,  0.0000e+00,  0.0000e+00]], dtype=torch.float64,
       grad_fn=<SoftmaxBackward0>) soft_max_out.shape=torch.Size([3, 3])
Z=tensor([[54.9449, 69.0846, 71.7182, 51.1534, 71.8309, 61.3478, 64.5468, 49.7106],
        [54.9449, 69.0846, 71.7182, 51.1534, 71.8309, 61.3478, 64.5468, 49.7106],
        [54.9449, 69.0846, 71.7182, 51.1534, 71.8309, 61.3478, 64.5468, 49.7106]],
       dtype=torch.float64, grad_fn=<MmBackward0>) Z.shape=torch.Size([3, 8])
head=tensor([[54.9449, 69.0846, 71.7182, 51.1534, 71.8309, 61.3478, 64.5468, 49.7106,
         54.9449, 69.0846, 71.7182, 51.1534, 71.8309, 61.3478, 64.5468, 49.7106],
        [54.9449, 69.0846, 71.7182, 51.1534, 71.8309, 61.3478, 64.5468, 49.7106,
         54.9449, 69.0846, 71.7182, 51.1534, 71.8309, 61.3478, 64.5468, 49.7106],
        [54.9449, 69.0846, 71.7182, 51.1534, 71.8309, 61.3478, 64.5468, 49.7106,
         54.9449, 69.0846, 71.7182, 51.1534, 71.8309, 61.3478, 64.5468, 49.7106]],
       dtype=torch.float64, grad_fn=<CatBackward0>)
head.shape=torch.Size([3, 16]) self.W_multi_head.shape=torch.Size([16, 16])
multi_head_out=tensor([[324.1462, 384.5707, 492.1061, 543.9153, 568.3734, 385.3410, 280.0153,
         537.6216, 605.6113, 495.4612, 538.8712, 482.9354, 482.0602, 408.1026,
         501.8579, 357.3585],
        [324.1462, 384.5707, 492.1061, 543.9153, 568.3734, 385.3410, 280.0153,
         537.6216, 605.6113, 495.4612, 538.8712, 482.9354, 482.0602, 408.1026,
         501.8579, 357.3585],
        [324.1462, 384.5707, 492.1061, 543.9153, 568.3734, 385.3410, 280.0153,
         537.6216, 605.6113, 495.4612, 538.8712, 482.9354, 482.0602, 408.1026,
         501.8579, 357.3585]], dtype=torch.float64, grad_fn=<MmBackward0>) X_in=tensor([[ 0.0000,  1.0000,  2.0000,  3.0000,  4.0000,  5.0000,  6.0000,  7.0000,
          8.0000,  9.0000, 10.0000, 11.0000, 12.0000, 13.0000, 14.0000, 15.0000],
        [-1.1233,  2.4488, -0.4281,  0.6500,  1.2522,  0.2673,  0.3771,  0.7161,
         -0.2296,  0.6136,  1.1893,  0.6170, -1.0088,  1.1986,  0.3484, -0.3813],
        [ 1.0000,  1.0000,  1.0000,  1.0000,  1.0000,  1.0000,  1.0000,  1.0000,
          1.0000,  1.0000,  1.0000,  1.0000,  1.0000,  1.0000,  1.0000,  1.0000]],
       dtype=torch.float64, grad_fn=<SliceBackward0>)
X_in=tensor([[-1.5838, -0.9134,  0.2710,  0.8473,  1.1252, -0.8614, -1.9999,  0.8223,
          1.5752,  0.3840,  0.8687,  0.2692,  0.2705, -0.5257,  0.5084, -1.0576],
        [-1.5267, -0.8246,  0.3236,  0.9039,  1.1788, -0.8401, -1.9944,  0.8356,
          1.5711,  0.3719,  0.8545,  0.2345,  0.2071, -0.5801,  0.4392, -1.1542],
        [-1.5119, -0.8481,  0.3332,  0.9024,  1.1711, -0.8396, -1.9967,  0.8332,
          1.5801,  0.3701,  0.8470,  0.2325,  0.2229, -0.5896,  0.4404, -1.1470]],
       dtype=torch.float64, grad_fn=<NativeLayerNormBackward0>)
Q=tensor([[ 1.0607,  0.5712,  0.6838,  1.3151,  1.5139,  0.1407, -0.8671,  0.7044],
        [ 1.0450,  0.5263,  0.6157,  1.3118,  1.5280,  0.1355, -0.8734,  0.6400],
        [ 1.0312,  0.5249,  0.6125,  1.3200,  1.5243,  0.1315, -0.8738,  0.6541]],
       dtype=torch.float64, grad_fn=<MmBackward0>) Q.shape=torch.Size([3, 8]) self.W_q=tensor([[0.0611, 0.2246, 0.2343, 0.1771, 0.5561, 0.1094, 0.4609, 0.7084],
        [0.5798, 0.4967, 0.5104, 0.3295, 0.7182, 0.3845, 0.0898, 0.1175],
        [0.6402, 0.1968, 0.5124, 0.7118, 0.9249, 0.9997, 0.8927, 0.8767],
        [0.8450, 0.1544, 0.1705, 0.9842, 0.8127, 0.4358, 0.4143, 0.4284],
        [0.7578, 0.9225, 0.9643, 0.1760, 0.9539, 0.3134, 0.4544, 0.2956],
        [0.1875, 0.2433, 0.3493, 0.4441, 0.4069, 0.2859, 0.8036, 0.3218],
        [0.3639, 0.2985, 0.6635, 0.2552, 0.4144, 0.8396, 0.7418, 0.2865],
        [0.7929, 0.5001, 0.8977, 0.1051, 0.5809, 0.9867, 0.1315, 0.2391],
        [0.3047, 0.5158, 0.4514, 0.4929, 0.5301, 0.2647, 0.1671, 0.5482],
        [0.2380, 0.5374, 0.4422, 0.6454, 0.5376, 0.2245, 0.6632, 0.8439],
        [0.0109, 0.2807, 0.9301, 0.5438, 0.8123, 0.7750, 0.7308, 0.9924],
        [0.7282, 0.2328, 0.9997, 0.5540, 0.4200, 0.5419, 0.8642, 0.4312],
        [0.1213, 0.8956, 0.8784, 0.9128, 0.9688, 0.4150, 0.4094, 0.6885],
        [0.6800, 0.6415, 0.4019, 0.4875, 0.9569, 0.5172, 0.9534, 0.8540],
        [0.9555, 0.0836, 0.1684, 0.1883, 0.9384, 0.3543, 0.2027, 0.5069],
        [0.7145, 0.6801, 0.9717, 0.2403, 0.3372, 0.5260, 0.1794, 0.4793]],
       dtype=torch.float64)
K=tensor([[-1.6796,  0.1619, -0.1320,  0.9981, -0.8720,  1.4816,  0.4028, -1.1934],
        [-1.6766,  0.1709, -0.1244,  0.9849, -0.8756,  1.4843,  0.4033, -1.1954],
        [-1.6752,  0.1649, -0.1393,  0.9982, -0.8745,  1.4912,  0.4133, -1.1940],
        [-1.6463,  0.1992, -0.1200,  0.9416, -0.8848,  1.5019,  0.5090, -1.1946],
        [-1.5511,  0.2503, -0.0917,  0.8052, -0.9162,  1.5223,  0.7359, -1.1856],
        [-1.6851,  0.1829, -0.1396,  1.0076, -0.8645,  1.4766,  0.4123, -1.1755],
        [-1.6675,  0.1831, -0.1400,  0.9880, -0.8789,  1.4925,  0.4191, -1.1841]],
       dtype=torch.float64, grad_fn=<MmBackward0>) K.shape=torch.Size([7, 8]) tensor([[0.9176, 0.0969, 0.7088, 0.5403, 0.9133, 0.5257, 0.1204, 0.2669],
        [0.6928, 0.4623, 0.0821, 0.6830, 0.6197, 0.8080, 0.7328, 0.3664],
        [0.9414, 0.1970, 0.7579, 0.1139, 0.7440, 0.7068, 0.7945, 0.6953],
        [0.4236, 0.1344, 0.8726, 0.0248, 0.1871, 0.4442, 0.0288, 0.1701],
        [0.5530, 0.3270, 0.7248, 0.3561, 0.3695, 0.8486, 0.3875, 0.1408],
        [0.4006, 0.0171, 0.7371, 0.6248, 0.5112, 0.6141, 0.4584, 0.3932],
        [0.9174, 0.2641, 0.5383, 0.1304, 0.2692, 0.5418, 0.0513, 0.7104],
        [0.2190, 0.5117, 0.4089, 0.7485, 0.9291, 0.5215, 0.6378, 0.5737],
        [0.1116, 0.2890, 0.3665, 0.5505, 0.4982, 0.8949, 0.1929, 0.6126],
        [0.9573, 0.3505, 0.9706, 0.8580, 0.6232, 0.6595, 0.0853, 0.7083],
        [0.3387, 0.3283, 0.1897, 0.6480, 0.0071, 0.7271, 0.5857, 0.4027],
        [0.5211, 0.9657, 0.5535, 0.6017, 0.2427, 0.5854, 0.5740, 0.5110],
        [0.5883, 0.7138, 0.1372, 0.6238, 0.3607, 0.3382, 0.5413, 0.4971],
        [0.5034, 0.7710, 0.2761, 0.0033, 0.5892, 0.0952, 0.2184, 0.6989],
        [0.6182, 0.3122, 0.0896, 0.1596, 0.0574, 0.9065, 0.8951, 0.0171],
        [0.1151, 0.6182, 0.4213, 0.2124, 0.4743, 0.2734, 0.9921, 0.9287]],
       dtype=torch.float64)
V=tensor([[ 1.3226, -0.9283, -0.4366, -0.9348,  0.0548,  2.5034, -0.4848, -1.7946],
        [ 1.3255, -0.9173, -0.4344, -0.9317,  0.0644,  2.4976, -0.4901, -1.7927],
        [ 1.3080, -0.9191, -0.4322, -0.9298,  0.0563,  2.4958, -0.4695, -1.7992],
        [ 1.3279, -0.8600, -0.4126, -0.8602,  0.0315,  2.4558, -0.4728, -1.7753],
        [ 1.3327, -0.6981, -0.3379, -0.6953, -0.0400,  2.3509, -0.4431, -1.7141],
        [ 1.3290, -0.9346, -0.4285, -0.9389,  0.0436,  2.4920, -0.4843, -1.7971],
        [ 1.3106, -0.9135, -0.4181, -0.9280,  0.0471,  2.5027, -0.4741, -1.8083]],
       dtype=torch.float64, grad_fn=<MmBackward0>) V.shape=torch.Size([7, 8]) self.W_v=tensor([[0.4771, 0.7317, 0.0576, 0.9432, 0.9486, 0.5513, 0.4101, 0.7596],
        [0.1079, 0.4531, 0.1762, 0.8590, 0.4101, 0.0046, 0.5489, 0.3399],
        [0.4035, 0.6980, 0.4398, 0.2253, 0.2283, 0.5055, 0.3547, 0.1605],
        [0.6428, 0.4947, 0.3211, 0.0070, 0.9626, 0.4930, 0.1573, 0.1466],
        [0.4337, 0.5801, 0.0415, 0.5750, 0.9796, 0.8258, 0.2627, 0.8009],
        [0.8512, 0.7802, 0.6454, 0.5386, 0.1792, 0.1877, 0.2942, 0.5359],
        [0.1093, 0.8584, 0.9864, 0.1241, 0.7169, 0.0822, 0.4824, 0.6482],
        [0.8485, 0.3716, 0.2252, 0.5579, 0.7592, 0.0820, 0.2454, 0.7402],
        [0.4686, 0.3573, 0.9693, 0.3870, 0.2020, 0.6892, 0.3514, 0.2458],
        [0.1752, 0.0981, 0.2589, 0.0731, 0.5745, 0.6247, 0.7559, 0.3685],
        [0.3979, 0.9075, 0.8795, 0.0108, 0.7215, 0.9119, 0.8867, 0.1758],
        [0.9790, 0.9240, 0.8681, 0.5926, 0.6049, 0.1070, 0.3841, 0.1247],
        [0.9284, 0.4158, 0.5685, 0.4974, 0.3686, 0.7431, 0.1817, 0.1600],
        [0.2541, 0.0690, 0.3611, 0.1814, 0.9477, 0.6948, 0.5803, 0.5864],
        [0.0111, 0.9819, 0.5165, 0.9790, 0.8677, 0.8973, 0.9010, 0.4158],
        [0.3229, 0.6110, 0.7758, 0.5179, 0.2733, 0.1066, 0.7092, 0.6586]],
       dtype=torch.float64)
score=tensor([[-2.7685, -2.7792, -2.7787, -2.8874, -3.1521, -2.7399, -2.7787],
        [-2.6892, -2.7007, -2.6992, -2.8118, -3.0843, -2.6620, -2.7008],
        [-2.6775, -2.6892, -2.6876, -2.8012, -3.0762, -2.6499, -2.6892]],
       dtype=torch.float64, grad_fn=<MmBackward0>) score.shape=torch.Size([3, 7])
soft_max_out=tensor([[0.1464, 0.1458, 0.1459, 0.1404, 0.1278, 0.1479, 0.1459],
        [0.1465, 0.1459, 0.1460, 0.1403, 0.1274, 0.1479, 0.1459],
        [0.1465, 0.1459, 0.1460, 0.1403, 0.1273, 0.1480, 0.1459]],
       dtype=torch.float64, grad_fn=<SoftmaxBackward0>) soft_max_out.shape=torch.Size([3, 7])
Z=tensor([[ 1.3221, -0.8851, -0.4157, -0.8921,  0.0383,  2.4735, -0.4747, -1.7844],
        [ 1.3221, -0.8852, -0.4158, -0.8923,  0.0383,  2.4735, -0.4747, -1.7844],
        [ 1.3221, -0.8852, -0.4158, -0.8923,  0.0383,  2.4736, -0.4747, -1.7844]],
       dtype=torch.float64, grad_fn=<MmBackward0>) Z.shape=torch.Size([3, 8])
X_in=tensor([[-1.5838, -0.9134,  0.2710,  0.8473,  1.1252, -0.8614, -1.9999,  0.8223,
          1.5752,  0.3840,  0.8687,  0.2692,  0.2705, -0.5257,  0.5084, -1.0576],
        [-1.5267, -0.8246,  0.3236,  0.9039,  1.1788, -0.8401, -1.9944,  0.8356,
          1.5711,  0.3719,  0.8545,  0.2345,  0.2071, -0.5801,  0.4392, -1.1542],
        [-1.5119, -0.8481,  0.3332,  0.9024,  1.1711, -0.8396, -1.9967,  0.8332,
          1.5801,  0.3701,  0.8470,  0.2325,  0.2229, -0.5896,  0.4404, -1.1470]],
       dtype=torch.float64, grad_fn=<NativeLayerNormBackward0>)
Q=tensor([[ 1.0607,  0.5712,  0.6838,  1.3151,  1.5139,  0.1407, -0.8671,  0.7044],
        [ 1.0450,  0.5263,  0.6157,  1.3118,  1.5280,  0.1355, -0.8734,  0.6400],
        [ 1.0312,  0.5249,  0.6125,  1.3200,  1.5243,  0.1315, -0.8738,  0.6541]],
       dtype=torch.float64, grad_fn=<MmBackward0>) Q.shape=torch.Size([3, 8]) self.W_q=tensor([[0.0611, 0.2246, 0.2343, 0.1771, 0.5561, 0.1094, 0.4609, 0.7084],
        [0.5798, 0.4967, 0.5104, 0.3295, 0.7182, 0.3845, 0.0898, 0.1175],
        [0.6402, 0.1968, 0.5124, 0.7118, 0.9249, 0.9997, 0.8927, 0.8767],
        [0.8450, 0.1544, 0.1705, 0.9842, 0.8127, 0.4358, 0.4143, 0.4284],
        [0.7578, 0.9225, 0.9643, 0.1760, 0.9539, 0.3134, 0.4544, 0.2956],
        [0.1875, 0.2433, 0.3493, 0.4441, 0.4069, 0.2859, 0.8036, 0.3218],
        [0.3639, 0.2985, 0.6635, 0.2552, 0.4144, 0.8396, 0.7418, 0.2865],
        [0.7929, 0.5001, 0.8977, 0.1051, 0.5809, 0.9867, 0.1315, 0.2391],
        [0.3047, 0.5158, 0.4514, 0.4929, 0.5301, 0.2647, 0.1671, 0.5482],
        [0.2380, 0.5374, 0.4422, 0.6454, 0.5376, 0.2245, 0.6632, 0.8439],
        [0.0109, 0.2807, 0.9301, 0.5438, 0.8123, 0.7750, 0.7308, 0.9924],
        [0.7282, 0.2328, 0.9997, 0.5540, 0.4200, 0.5419, 0.8642, 0.4312],
        [0.1213, 0.8956, 0.8784, 0.9128, 0.9688, 0.4150, 0.4094, 0.6885],
        [0.6800, 0.6415, 0.4019, 0.4875, 0.9569, 0.5172, 0.9534, 0.8540],
        [0.9555, 0.0836, 0.1684, 0.1883, 0.9384, 0.3543, 0.2027, 0.5069],
        [0.7145, 0.6801, 0.9717, 0.2403, 0.3372, 0.5260, 0.1794, 0.4793]],
       dtype=torch.float64)
K=tensor([[-1.6796,  0.1619, -0.1320,  0.9981, -0.8720,  1.4816,  0.4028, -1.1934],
        [-1.6766,  0.1709, -0.1244,  0.9849, -0.8756,  1.4843,  0.4033, -1.1954],
        [-1.6752,  0.1649, -0.1393,  0.9982, -0.8745,  1.4912,  0.4133, -1.1940],
        [-1.6463,  0.1992, -0.1200,  0.9416, -0.8848,  1.5019,  0.5090, -1.1946],
        [-1.5511,  0.2503, -0.0917,  0.8052, -0.9162,  1.5223,  0.7359, -1.1856],
        [-1.6851,  0.1829, -0.1396,  1.0076, -0.8645,  1.4766,  0.4123, -1.1755],
        [-1.6675,  0.1831, -0.1400,  0.9880, -0.8789,  1.4925,  0.4191, -1.1841]],
       dtype=torch.float64, grad_fn=<MmBackward0>) K.shape=torch.Size([7, 8]) tensor([[0.9176, 0.0969, 0.7088, 0.5403, 0.9133, 0.5257, 0.1204, 0.2669],
        [0.6928, 0.4623, 0.0821, 0.6830, 0.6197, 0.8080, 0.7328, 0.3664],
        [0.9414, 0.1970, 0.7579, 0.1139, 0.7440, 0.7068, 0.7945, 0.6953],
        [0.4236, 0.1344, 0.8726, 0.0248, 0.1871, 0.4442, 0.0288, 0.1701],
        [0.5530, 0.3270, 0.7248, 0.3561, 0.3695, 0.8486, 0.3875, 0.1408],
        [0.4006, 0.0171, 0.7371, 0.6248, 0.5112, 0.6141, 0.4584, 0.3932],
        [0.9174, 0.2641, 0.5383, 0.1304, 0.2692, 0.5418, 0.0513, 0.7104],
        [0.2190, 0.5117, 0.4089, 0.7485, 0.9291, 0.5215, 0.6378, 0.5737],
        [0.1116, 0.2890, 0.3665, 0.5505, 0.4982, 0.8949, 0.1929, 0.6126],
        [0.9573, 0.3505, 0.9706, 0.8580, 0.6232, 0.6595, 0.0853, 0.7083],
        [0.3387, 0.3283, 0.1897, 0.6480, 0.0071, 0.7271, 0.5857, 0.4027],
        [0.5211, 0.9657, 0.5535, 0.6017, 0.2427, 0.5854, 0.5740, 0.5110],
        [0.5883, 0.7138, 0.1372, 0.6238, 0.3607, 0.3382, 0.5413, 0.4971],
        [0.5034, 0.7710, 0.2761, 0.0033, 0.5892, 0.0952, 0.2184, 0.6989],
        [0.6182, 0.3122, 0.0896, 0.1596, 0.0574, 0.9065, 0.8951, 0.0171],
        [0.1151, 0.6182, 0.4213, 0.2124, 0.4743, 0.2734, 0.9921, 0.9287]],
       dtype=torch.float64)
V=tensor([[ 1.3226, -0.9283, -0.4366, -0.9348,  0.0548,  2.5034, -0.4848, -1.7946],
        [ 1.3255, -0.9173, -0.4344, -0.9317,  0.0644,  2.4976, -0.4901, -1.7927],
        [ 1.3080, -0.9191, -0.4322, -0.9298,  0.0563,  2.4958, -0.4695, -1.7992],
        [ 1.3279, -0.8600, -0.4126, -0.8602,  0.0315,  2.4558, -0.4728, -1.7753],
        [ 1.3327, -0.6981, -0.3379, -0.6953, -0.0400,  2.3509, -0.4431, -1.7141],
        [ 1.3290, -0.9346, -0.4285, -0.9389,  0.0436,  2.4920, -0.4843, -1.7971],
        [ 1.3106, -0.9135, -0.4181, -0.9280,  0.0471,  2.5027, -0.4741, -1.8083]],
       dtype=torch.float64, grad_fn=<MmBackward0>) V.shape=torch.Size([7, 8]) self.W_v=tensor([[0.4771, 0.7317, 0.0576, 0.9432, 0.9486, 0.5513, 0.4101, 0.7596],
        [0.1079, 0.4531, 0.1762, 0.8590, 0.4101, 0.0046, 0.5489, 0.3399],
        [0.4035, 0.6980, 0.4398, 0.2253, 0.2283, 0.5055, 0.3547, 0.1605],
        [0.6428, 0.4947, 0.3211, 0.0070, 0.9626, 0.4930, 0.1573, 0.1466],
        [0.4337, 0.5801, 0.0415, 0.5750, 0.9796, 0.8258, 0.2627, 0.8009],
        [0.8512, 0.7802, 0.6454, 0.5386, 0.1792, 0.1877, 0.2942, 0.5359],
        [0.1093, 0.8584, 0.9864, 0.1241, 0.7169, 0.0822, 0.4824, 0.6482],
        [0.8485, 0.3716, 0.2252, 0.5579, 0.7592, 0.0820, 0.2454, 0.7402],
        [0.4686, 0.3573, 0.9693, 0.3870, 0.2020, 0.6892, 0.3514, 0.2458],
        [0.1752, 0.0981, 0.2589, 0.0731, 0.5745, 0.6247, 0.7559, 0.3685],
        [0.3979, 0.9075, 0.8795, 0.0108, 0.7215, 0.9119, 0.8867, 0.1758],
        [0.9790, 0.9240, 0.8681, 0.5926, 0.6049, 0.1070, 0.3841, 0.1247],
        [0.9284, 0.4158, 0.5685, 0.4974, 0.3686, 0.7431, 0.1817, 0.1600],
        [0.2541, 0.0690, 0.3611, 0.1814, 0.9477, 0.6948, 0.5803, 0.5864],
        [0.0111, 0.9819, 0.5165, 0.9790, 0.8677, 0.8973, 0.9010, 0.4158],
        [0.3229, 0.6110, 0.7758, 0.5179, 0.2733, 0.1066, 0.7092, 0.6586]],
       dtype=torch.float64)
score=tensor([[-2.7685, -2.7792, -2.7787, -2.8874, -3.1521, -2.7399, -2.7787],
        [-2.6892, -2.7007, -2.6992, -2.8118, -3.0843, -2.6620, -2.7008],
        [-2.6775, -2.6892, -2.6876, -2.8012, -3.0762, -2.6499, -2.6892]],
       dtype=torch.float64, grad_fn=<MmBackward0>) score.shape=torch.Size([3, 7])
soft_max_out=tensor([[0.1464, 0.1458, 0.1459, 0.1404, 0.1278, 0.1479, 0.1459],
        [0.1465, 0.1459, 0.1460, 0.1403, 0.1274, 0.1479, 0.1459],
        [0.1465, 0.1459, 0.1460, 0.1403, 0.1273, 0.1480, 0.1459]],
       dtype=torch.float64, grad_fn=<SoftmaxBackward0>) soft_max_out.shape=torch.Size([3, 7])
Z=tensor([[ 1.3221, -0.8851, -0.4157, -0.8921,  0.0383,  2.4735, -0.4747, -1.7844],
        [ 1.3221, -0.8852, -0.4158, -0.8923,  0.0383,  2.4735, -0.4747, -1.7844],
        [ 1.3221, -0.8852, -0.4158, -0.8923,  0.0383,  2.4736, -0.4747, -1.7844]],
       dtype=torch.float64, grad_fn=<MmBackward0>) Z.shape=torch.Size([3, 8])
head=tensor([[ 1.3221, -0.8851, -0.4157, -0.8921,  0.0383,  2.4735, -0.4747, -1.7844,
          1.3221, -0.8851, -0.4157, -0.8921,  0.0383,  2.4735, -0.4747, -1.7844],
        [ 1.3221, -0.8852, -0.4158, -0.8923,  0.0383,  2.4735, -0.4747, -1.7844,
          1.3221, -0.8852, -0.4158, -0.8923,  0.0383,  2.4735, -0.4747, -1.7844],
        [ 1.3221, -0.8852, -0.4158, -0.8923,  0.0383,  2.4736, -0.4747, -1.7844,
          1.3221, -0.8852, -0.4158, -0.8923,  0.0383,  2.4736, -0.4747, -1.7844]],
       dtype=torch.float64, grad_fn=<CatBackward0>)
head.shape=torch.Size([3, 16]) self.W_multi_head.shape=torch.Size([16, 16])
multi_head_out=tensor([[ 1.0369, -3.5299, -0.7717,  0.9163,  3.4306, -2.9390, -0.1173, -2.0728,
          0.2963,  2.3451, -1.3097, -1.6590, -0.2611, -2.7148, -1.0896, -0.1782],
        [ 1.0369, -3.5300, -0.7720,  0.9162,  3.4305, -2.9393, -0.1174, -2.0731,
          0.2962,  2.3451, -1.3098, -1.6592, -0.2612, -2.7150, -1.0899, -0.1782],
        [ 1.0369, -3.5301, -0.7721,  0.9162,  3.4305, -2.9394, -0.1175, -2.0732,
          0.2961,  2.3451, -1.3098, -1.6593, -0.2612, -2.7150, -1.0899, -0.1782]],
       dtype=torch.float64, grad_fn=<MmBackward0>) X_in=tensor([[-1.5838, -0.9134,  0.2710,  0.8473,  1.1252, -0.8614, -1.9999,  0.8223,
          1.5752,  0.3840,  0.8687,  0.2692,  0.2705, -0.5257,  0.5084, -1.0576],
        [-1.5267, -0.8246,  0.3236,  0.9039,  1.1788, -0.8401, -1.9944,  0.8356,
          1.5711,  0.3719,  0.8545,  0.2345,  0.2071, -0.5801,  0.4392, -1.1542],
        [-1.5119, -0.8481,  0.3332,  0.9024,  1.1711, -0.8396, -1.9967,  0.8332,
          1.5801,  0.3701,  0.8470,  0.2325,  0.2229, -0.5896,  0.4404, -1.1470]],
       dtype=torch.float64, grad_fn=<NativeLayerNormBackward0>)
decoder_out=tensor([[-1.5170, -0.8636,  0.3332,  0.9013,  1.1783, -0.8362, -1.9918,  0.8316,
          1.5747,  0.3727,  0.8455,  0.2400,  0.2219, -0.5895,  0.4399, -1.1410],
        [-1.5107, -0.8453,  0.3306,  0.9126,  1.1594, -0.8352, -1.9956,  0.8353,
          1.5759,  0.3760,  0.8555,  0.2266,  0.2150, -0.5953,  0.4482, -1.1530],
        [-1.5140, -0.8464,  0.3294,  0.9099,  1.1651, -0.8341, -1.9942,  0.8372,
          1.5744,  0.3755,  0.8538,  0.2315,  0.2119, -0.5917,  0.4446, -1.1529]],
       dtype=torch.float64, grad_fn=<NativeLayerNormBackward0>) X_out=tensor([[ 0.0000,  1.0000,  2.0000,  3.0000,  4.0000,  5.0000,  6.0000,  7.0000,
          8.0000,  9.0000, 10.0000, 11.0000, 12.0000, 13.0000, 14.0000, 15.0000],
        [-1.1233,  2.4488, -0.4281,  0.6500,  1.2522,  0.2673,  0.3771,  0.7161,
         -0.2296,  0.6136,  1.1893,  0.6170, -1.0088,  1.1986,  0.3484, -0.3813],
        [ 1.0000,  1.0000,  1.0000,  1.0000,  1.0000,  1.0000,  1.0000,  1.0000,
          1.0000,  1.0000,  1.0000,  1.0000,  1.0000,  1.0000,  1.0000,  1.0000],
        [ 1.0000,  1.0000,  1.0000,  1.0000,  1.0000,  1.0000,  1.0000,  1.0000,
          1.0000,  1.0000,  1.0000,  1.0000,  1.0000,  1.0000,  1.0000,  1.0000],
        [ 1.0000,  1.0000,  1.0000,  1.0000,  1.0000,  1.0000,  1.0000,  1.0000,
          1.0000,  1.0000,  1.0000,  1.0000,  1.0000,  1.0000,  1.0000,  1.0000],
        [ 1.0000,  1.0000,  1.0000,  1.0000,  1.0000,  1.0000,  1.0000,  1.0000,
          1.0000,  1.0000,  1.0000,  1.0000,  1.0000,  1.0000,  1.0000,  1.0000],
        [ 1.0000,  1.0000,  1.0000,  1.0000,  1.0000,  1.0000,  1.0000,  1.0000,
          1.0000,  1.0000,  1.0000,  1.0000,  1.0000,  1.0000,  1.0000,  1.0000]],
       dtype=torch.float64, grad_fn=<CopySlices>)
logits_prob=tensor([1.5242e-05, 1.5660e-05, 3.4713e-05,  ..., 2.7300e-05, 4.4179e-05,
        8.2722e-05], dtype=torch.float64, grad_fn=<SoftmaxBackward0>)
X_out=tensor([[ 0.0000,  1.0000,  2.0000,  3.0000,  4.0000,  5.0000,  6.0000,  7.0000,
          8.0000,  9.0000, 10.0000, 11.0000, 12.0000, 13.0000, 14.0000, 15.0000],
        [-1.1233,  2.4488, -0.4281,  0.6500,  1.2522,  0.2673,  0.3771,  0.7161,
         -0.2296,  0.6136,  1.1893,  0.6170, -1.0088,  1.1986,  0.3484, -0.3813],
        [ 1.0000,  1.0000,  1.0000,  1.0000,  1.0000,  1.0000,  1.0000,  1.0000,
          1.0000,  1.0000,  1.0000,  1.0000,  1.0000,  1.0000,  1.0000,  1.0000],
        [ 1.0000,  1.0000,  1.0000,  1.0000,  1.0000,  1.0000,  1.0000,  1.0000,
          1.0000,  1.0000,  1.0000,  1.0000,  1.0000,  1.0000,  1.0000,  1.0000],
        [ 1.0000,  1.0000,  1.0000,  1.0000,  1.0000,  1.0000,  1.0000,  1.0000,
          1.0000,  1.0000,  1.0000,  1.0000,  1.0000,  1.0000,  1.0000,  1.0000],
        [ 1.0000,  1.0000,  1.0000,  1.0000,  1.0000,  1.0000,  1.0000,  1.0000,
          1.0000,  1.0000,  1.0000,  1.0000,  1.0000,  1.0000,  1.0000,  1.0000],
        [ 1.0000,  1.0000,  1.0000,  1.0000,  1.0000,  1.0000,  1.0000,  1.0000,
          1.0000,  1.0000,  1.0000,  1.0000,  1.0000,  1.0000,  1.0000,  1.0000]],
       dtype=torch.float64, grad_fn=<CopySlices>) token_embedding=tensor([[-1.1233,  2.4488, -0.4281,  0.6500,  1.2522,  0.2673,  0.3771,  0.7161,
         -0.2296,  0.6136,  1.1893,  0.6170, -1.0088,  1.1986,  0.3484, -0.3813]],
       dtype=torch.float64, grad_fn=<CopySlices>)
X_out=tensor([[ 0.0000,  1.0000,  2.0000,  3.0000,  4.0000,  5.0000,  6.0000,  7.0000,
          8.0000,  9.0000, 10.0000, 11.0000, 12.0000, 13.0000, 14.0000, 15.0000],
        [-1.1233,  2.4488, -0.4281,  0.6500,  1.2522,  0.2673,  0.3771,  0.7161,
         -0.2296,  0.6136,  1.1893,  0.6170, -1.0088,  1.1986,  0.3484, -0.3813],
        [-1.1233,  2.4488, -0.4281,  0.6500,  1.2522,  0.2673,  0.3771,  0.7161,
         -0.2296,  0.6136,  1.1893,  0.6170, -1.0088,  1.1986,  0.3484, -0.3813],
        [ 1.0000,  1.0000,  1.0000,  1.0000,  1.0000,  1.0000,  1.0000,  1.0000,
          1.0000,  1.0000,  1.0000,  1.0000,  1.0000,  1.0000,  1.0000,  1.0000],
        [ 1.0000,  1.0000,  1.0000,  1.0000,  1.0000,  1.0000,  1.0000,  1.0000,
          1.0000,  1.0000,  1.0000,  1.0000,  1.0000,  1.0000,  1.0000,  1.0000],
        [ 1.0000,  1.0000,  1.0000,  1.0000,  1.0000,  1.0000,  1.0000,  1.0000,
          1.0000,  1.0000,  1.0000,  1.0000,  1.0000,  1.0000,  1.0000,  1.0000],
        [ 1.0000,  1.0000,  1.0000,  1.0000,  1.0000,  1.0000,  1.0000,  1.0000,
          1.0000,  1.0000,  1.0000,  1.0000,  1.0000,  1.0000,  1.0000,  1.0000]],
       dtype=torch.float64, grad_fn=<CopySlices>)
Next token is: northwest X_input: X_in=tensor([[ 0.0000,  1.0000,  2.0000,  3.0000,  4.0000,  5.0000,  6.0000,  7.0000,
          8.0000,  9.0000, 10.0000, 11.0000, 12.0000, 13.0000, 14.0000, 15.0000],
        [-1.1233,  2.4488, -0.4281,  0.6500,  1.2522,  0.2673,  0.3771,  0.7161,
         -0.2296,  0.6136,  1.1893,  0.6170, -1.0088,  1.1986,  0.3484, -0.3813],
        [-1.1233,  2.4488, -0.4281,  0.6500,  1.2522,  0.2673,  0.3771,  0.7161,
         -0.2296,  0.6136,  1.1893,  0.6170, -1.0088,  1.1986,  0.3484, -0.3813],
        [ 1.0000,  1.0000,  1.0000,  1.0000,  1.0000,  1.0000,  1.0000,  1.0000,
          1.0000,  1.0000,  1.0000,  1.0000,  1.0000,  1.0000,  1.0000,  1.0000]],
       dtype=torch.float64, grad_fn=<SliceBackward0>)
X_in=tensor([[ 0.0000,  1.0000,  2.0000,  3.0000,  4.0000,  5.0000,  6.0000,  7.0000,
          8.0000,  9.0000, 10.0000, 11.0000, 12.0000, 13.0000, 14.0000, 15.0000],
        [-1.1233,  2.4488, -0.4281,  0.6500,  1.2522,  0.2673,  0.3771,  0.7161,
         -0.2296,  0.6136,  1.1893,  0.6170, -1.0088,  1.1986,  0.3484, -0.3813],
        [-1.1233,  2.4488, -0.4281,  0.6500,  1.2522,  0.2673,  0.3771,  0.7161,
         -0.2296,  0.6136,  1.1893,  0.6170, -1.0088,  1.1986,  0.3484, -0.3813],
        [ 1.0000,  1.0000,  1.0000,  1.0000,  1.0000,  1.0000,  1.0000,  1.0000,
          1.0000,  1.0000,  1.0000,  1.0000,  1.0000,  1.0000,  1.0000,  1.0000]],
       dtype=torch.float64, grad_fn=<SliceBackward0>)
Q=tensor([[63.1846, 56.3415, 78.5034, 54.7119, 81.4926, 60.7211, 61.2801, 69.6383],
        [ 4.6218,  2.9951,  4.2466,  2.3625,  4.9434,  3.6232,  3.2498,  2.2918],
        [ 4.6218,  2.9951,  4.2466,  2.3625,  4.9434,  3.6232,  3.2498,  2.2918],
        [ 7.9810,  6.9044,  9.5463,  7.2480, 10.8693,  7.9736,  8.1592,  8.6183]],
       dtype=torch.float64, grad_fn=<MmBackward0>) Q.shape=torch.Size([4, 8]) self.W_q=tensor([[0.0611, 0.2246, 0.2343, 0.1771, 0.5561, 0.1094, 0.4609, 0.7084],
        [0.5798, 0.4967, 0.5104, 0.3295, 0.7182, 0.3845, 0.0898, 0.1175],
        [0.6402, 0.1968, 0.5124, 0.7118, 0.9249, 0.9997, 0.8927, 0.8767],
        [0.8450, 0.1544, 0.1705, 0.9842, 0.8127, 0.4358, 0.4143, 0.4284],
        [0.7578, 0.9225, 0.9643, 0.1760, 0.9539, 0.3134, 0.4544, 0.2956],
        [0.1875, 0.2433, 0.3493, 0.4441, 0.4069, 0.2859, 0.8036, 0.3218],
        [0.3639, 0.2985, 0.6635, 0.2552, 0.4144, 0.8396, 0.7418, 0.2865],
        [0.7929, 0.5001, 0.8977, 0.1051, 0.5809, 0.9867, 0.1315, 0.2391],
        [0.3047, 0.5158, 0.4514, 0.4929, 0.5301, 0.2647, 0.1671, 0.5482],
        [0.2380, 0.5374, 0.4422, 0.6454, 0.5376, 0.2245, 0.6632, 0.8439],
        [0.0109, 0.2807, 0.9301, 0.5438, 0.8123, 0.7750, 0.7308, 0.9924],
        [0.7282, 0.2328, 0.9997, 0.5540, 0.4200, 0.5419, 0.8642, 0.4312],
        [0.1213, 0.8956, 0.8784, 0.9128, 0.9688, 0.4150, 0.4094, 0.6885],
        [0.6800, 0.6415, 0.4019, 0.4875, 0.9569, 0.5172, 0.9534, 0.8540],
        [0.9555, 0.0836, 0.1684, 0.1883, 0.9384, 0.3543, 0.2027, 0.5069],
        [0.7145, 0.6801, 0.9717, 0.2403, 0.3372, 0.5260, 0.1794, 0.4793]],
       dtype=torch.float64)
K=tensor([[57.7107, 59.4244, 49.3530, 49.7288, 47.0641, 65.8137, 62.2513, 63.2208],
        [ 3.3079,  3.1185,  2.3897,  3.1224,  2.2688,  4.5885,  3.1299,  2.4468],
        [ 3.3079,  3.1185,  2.3897,  3.1224,  2.2688,  4.5885,  3.1299,  2.4468],
        [ 8.8189,  6.3592,  7.8348,  6.8790,  7.3960,  9.4909,  7.2963,  7.6935]],
       dtype=torch.float64, grad_fn=<MmBackward0>) K.shape=torch.Size([4, 8]) tensor([[0.9176, 0.0969, 0.7088, 0.5403, 0.9133, 0.5257, 0.1204, 0.2669],
        [0.6928, 0.4623, 0.0821, 0.6830, 0.6197, 0.8080, 0.7328, 0.3664],
        [0.9414, 0.1970, 0.7579, 0.1139, 0.7440, 0.7068, 0.7945, 0.6953],
        [0.4236, 0.1344, 0.8726, 0.0248, 0.1871, 0.4442, 0.0288, 0.1701],
        [0.5530, 0.3270, 0.7248, 0.3561, 0.3695, 0.8486, 0.3875, 0.1408],
        [0.4006, 0.0171, 0.7371, 0.6248, 0.5112, 0.6141, 0.4584, 0.3932],
        [0.9174, 0.2641, 0.5383, 0.1304, 0.2692, 0.5418, 0.0513, 0.7104],
        [0.2190, 0.5117, 0.4089, 0.7485, 0.9291, 0.5215, 0.6378, 0.5737],
        [0.1116, 0.2890, 0.3665, 0.5505, 0.4982, 0.8949, 0.1929, 0.6126],
        [0.9573, 0.3505, 0.9706, 0.8580, 0.6232, 0.6595, 0.0853, 0.7083],
        [0.3387, 0.3283, 0.1897, 0.6480, 0.0071, 0.7271, 0.5857, 0.4027],
        [0.5211, 0.9657, 0.5535, 0.6017, 0.2427, 0.5854, 0.5740, 0.5110],
        [0.5883, 0.7138, 0.1372, 0.6238, 0.3607, 0.3382, 0.5413, 0.4971],
        [0.5034, 0.7710, 0.2761, 0.0033, 0.5892, 0.0952, 0.2184, 0.6989],
        [0.6182, 0.3122, 0.0896, 0.1596, 0.0574, 0.9065, 0.8951, 0.0171],
        [0.1151, 0.6182, 0.4213, 0.2124, 0.4743, 0.2734, 0.9921, 0.9287]],
       dtype=torch.float64)
V=tensor([[54.9449, 69.0846, 71.7182, 51.1534, 71.8309, 61.3478, 64.5468, 49.7106],
        [ 1.7185,  3.2349,  2.4065,  2.4562,  5.0550,  2.4008,  3.8297,  2.8174],
        [ 1.7185,  3.2349,  2.4065,  2.4562,  5.0550,  2.4008,  3.8297,  2.8174],
        [ 7.4111,  9.3323,  8.0908,  7.0691,  9.7448,  7.5069,  7.5059,  6.8674]],
       dtype=torch.float64, grad_fn=<MmBackward0>) V.shape=torch.Size([4, 8]) self.W_v=tensor([[0.4771, 0.7317, 0.0576, 0.9432, 0.9486, 0.5513, 0.4101, 0.7596],
        [0.1079, 0.4531, 0.1762, 0.8590, 0.4101, 0.0046, 0.5489, 0.3399],
        [0.4035, 0.6980, 0.4398, 0.2253, 0.2283, 0.5055, 0.3547, 0.1605],
        [0.6428, 0.4947, 0.3211, 0.0070, 0.9626, 0.4930, 0.1573, 0.1466],
        [0.4337, 0.5801, 0.0415, 0.5750, 0.9796, 0.8258, 0.2627, 0.8009],
        [0.8512, 0.7802, 0.6454, 0.5386, 0.1792, 0.1877, 0.2942, 0.5359],
        [0.1093, 0.8584, 0.9864, 0.1241, 0.7169, 0.0822, 0.4824, 0.6482],
        [0.8485, 0.3716, 0.2252, 0.5579, 0.7592, 0.0820, 0.2454, 0.7402],
        [0.4686, 0.3573, 0.9693, 0.3870, 0.2020, 0.6892, 0.3514, 0.2458],
        [0.1752, 0.0981, 0.2589, 0.0731, 0.5745, 0.6247, 0.7559, 0.3685],
        [0.3979, 0.9075, 0.8795, 0.0108, 0.7215, 0.9119, 0.8867, 0.1758],
        [0.9790, 0.9240, 0.8681, 0.5926, 0.6049, 0.1070, 0.3841, 0.1247],
        [0.9284, 0.4158, 0.5685, 0.4974, 0.3686, 0.7431, 0.1817, 0.1600],
        [0.2541, 0.0690, 0.3611, 0.1814, 0.9477, 0.6948, 0.5803, 0.5864],
        [0.0111, 0.9819, 0.5165, 0.9790, 0.8677, 0.8973, 0.9010, 0.4158],
        [0.3229, 0.6110, 0.7758, 0.5179, 0.2733, 0.1066, 0.7092, 0.6586]],
       dtype=torch.float64)
score=tensor([[29638.6438,  1568.8345,  1568.8345,  4068.8283],
        [ 1590.0832,    85.7729,    85.7729,   221.6211],
        [ 1590.0832,    85.7729,    85.7729,   221.6211],
        [ 3791.5562,   201.2466,   201.2466,   520.8459]], dtype=torch.float64,
       grad_fn=<MmBackward0>) score.shape=torch.Size([4, 4])
Score masked: score=tensor([[10478.8430,       -inf,       -inf,       -inf],
        [  562.1793,    30.3253,       -inf,       -inf],
        [  562.1793,    30.3253,    30.3253,       -inf],
        [ 1340.5175,    71.1514,    71.1514,   184.1468]], dtype=torch.float64,
       grad_fn=<MaskedFillBackward0>) mask=tensor([[1, 0, 0, 0],
        [1, 1, 0, 0],
        [1, 1, 1, 0],
        [1, 1, 1, 1]], dtype=torch.int32)
soft_max_out=tensor([[ 1.0000e+00,  0.0000e+00,  0.0000e+00,  0.0000e+00],
        [ 1.0000e+00, 1.0441e-231,  0.0000e+00,  0.0000e+00],
        [ 1.0000e+00, 1.0441e-231, 1.0441e-231,  0.0000e+00],
        [ 1.0000e+00,  0.0000e+00,  0.0000e+00,  0.0000e+00]],
       dtype=torch.float64, grad_fn=<SoftmaxBackward0>) soft_max_out.shape=torch.Size([4, 4])
Z=tensor([[54.9449, 69.0846, 71.7182, 51.1534, 71.8309, 61.3478, 64.5468, 49.7106],
        [54.9449, 69.0846, 71.7182, 51.1534, 71.8309, 61.3478, 64.5468, 49.7106],
        [54.9449, 69.0846, 71.7182, 51.1534, 71.8309, 61.3478, 64.5468, 49.7106],
        [54.9449, 69.0846, 71.7182, 51.1534, 71.8309, 61.3478, 64.5468, 49.7106]],
       dtype=torch.float64, grad_fn=<MmBackward0>) Z.shape=torch.Size([4, 8])
X_in=tensor([[ 0.0000,  1.0000,  2.0000,  3.0000,  4.0000,  5.0000,  6.0000,  7.0000,
          8.0000,  9.0000, 10.0000, 11.0000, 12.0000, 13.0000, 14.0000, 15.0000],
        [-1.1233,  2.4488, -0.4281,  0.6500,  1.2522,  0.2673,  0.3771,  0.7161,
         -0.2296,  0.6136,  1.1893,  0.6170, -1.0088,  1.1986,  0.3484, -0.3813],
        [-1.1233,  2.4488, -0.4281,  0.6500,  1.2522,  0.2673,  0.3771,  0.7161,
         -0.2296,  0.6136,  1.1893,  0.6170, -1.0088,  1.1986,  0.3484, -0.3813],
        [ 1.0000,  1.0000,  1.0000,  1.0000,  1.0000,  1.0000,  1.0000,  1.0000,
          1.0000,  1.0000,  1.0000,  1.0000,  1.0000,  1.0000,  1.0000,  1.0000]],
       dtype=torch.float64, grad_fn=<SliceBackward0>)
Q=tensor([[63.1846, 56.3415, 78.5034, 54.7119, 81.4926, 60.7211, 61.2801, 69.6383],
        [ 4.6218,  2.9951,  4.2466,  2.3625,  4.9434,  3.6232,  3.2498,  2.2918],
        [ 4.6218,  2.9951,  4.2466,  2.3625,  4.9434,  3.6232,  3.2498,  2.2918],
        [ 7.9810,  6.9044,  9.5463,  7.2480, 10.8693,  7.9736,  8.1592,  8.6183]],
       dtype=torch.float64, grad_fn=<MmBackward0>) Q.shape=torch.Size([4, 8]) self.W_q=tensor([[0.0611, 0.2246, 0.2343, 0.1771, 0.5561, 0.1094, 0.4609, 0.7084],
        [0.5798, 0.4967, 0.5104, 0.3295, 0.7182, 0.3845, 0.0898, 0.1175],
        [0.6402, 0.1968, 0.5124, 0.7118, 0.9249, 0.9997, 0.8927, 0.8767],
        [0.8450, 0.1544, 0.1705, 0.9842, 0.8127, 0.4358, 0.4143, 0.4284],
        [0.7578, 0.9225, 0.9643, 0.1760, 0.9539, 0.3134, 0.4544, 0.2956],
        [0.1875, 0.2433, 0.3493, 0.4441, 0.4069, 0.2859, 0.8036, 0.3218],
        [0.3639, 0.2985, 0.6635, 0.2552, 0.4144, 0.8396, 0.7418, 0.2865],
        [0.7929, 0.5001, 0.8977, 0.1051, 0.5809, 0.9867, 0.1315, 0.2391],
        [0.3047, 0.5158, 0.4514, 0.4929, 0.5301, 0.2647, 0.1671, 0.5482],
        [0.2380, 0.5374, 0.4422, 0.6454, 0.5376, 0.2245, 0.6632, 0.8439],
        [0.0109, 0.2807, 0.9301, 0.5438, 0.8123, 0.7750, 0.7308, 0.9924],
        [0.7282, 0.2328, 0.9997, 0.5540, 0.4200, 0.5419, 0.8642, 0.4312],
        [0.1213, 0.8956, 0.8784, 0.9128, 0.9688, 0.4150, 0.4094, 0.6885],
        [0.6800, 0.6415, 0.4019, 0.4875, 0.9569, 0.5172, 0.9534, 0.8540],
        [0.9555, 0.0836, 0.1684, 0.1883, 0.9384, 0.3543, 0.2027, 0.5069],
        [0.7145, 0.6801, 0.9717, 0.2403, 0.3372, 0.5260, 0.1794, 0.4793]],
       dtype=torch.float64)
K=tensor([[57.7107, 59.4244, 49.3530, 49.7288, 47.0641, 65.8137, 62.2513, 63.2208],
        [ 3.3079,  3.1185,  2.3897,  3.1224,  2.2688,  4.5885,  3.1299,  2.4468],
        [ 3.3079,  3.1185,  2.3897,  3.1224,  2.2688,  4.5885,  3.1299,  2.4468],
        [ 8.8189,  6.3592,  7.8348,  6.8790,  7.3960,  9.4909,  7.2963,  7.6935]],
       dtype=torch.float64, grad_fn=<MmBackward0>) K.shape=torch.Size([4, 8]) tensor([[0.9176, 0.0969, 0.7088, 0.5403, 0.9133, 0.5257, 0.1204, 0.2669],
        [0.6928, 0.4623, 0.0821, 0.6830, 0.6197, 0.8080, 0.7328, 0.3664],
        [0.9414, 0.1970, 0.7579, 0.1139, 0.7440, 0.7068, 0.7945, 0.6953],
        [0.4236, 0.1344, 0.8726, 0.0248, 0.1871, 0.4442, 0.0288, 0.1701],
        [0.5530, 0.3270, 0.7248, 0.3561, 0.3695, 0.8486, 0.3875, 0.1408],
        [0.4006, 0.0171, 0.7371, 0.6248, 0.5112, 0.6141, 0.4584, 0.3932],
        [0.9174, 0.2641, 0.5383, 0.1304, 0.2692, 0.5418, 0.0513, 0.7104],
        [0.2190, 0.5117, 0.4089, 0.7485, 0.9291, 0.5215, 0.6378, 0.5737],
        [0.1116, 0.2890, 0.3665, 0.5505, 0.4982, 0.8949, 0.1929, 0.6126],
        [0.9573, 0.3505, 0.9706, 0.8580, 0.6232, 0.6595, 0.0853, 0.7083],
        [0.3387, 0.3283, 0.1897, 0.6480, 0.0071, 0.7271, 0.5857, 0.4027],
        [0.5211, 0.9657, 0.5535, 0.6017, 0.2427, 0.5854, 0.5740, 0.5110],
        [0.5883, 0.7138, 0.1372, 0.6238, 0.3607, 0.3382, 0.5413, 0.4971],
        [0.5034, 0.7710, 0.2761, 0.0033, 0.5892, 0.0952, 0.2184, 0.6989],
        [0.6182, 0.3122, 0.0896, 0.1596, 0.0574, 0.9065, 0.8951, 0.0171],
        [0.1151, 0.6182, 0.4213, 0.2124, 0.4743, 0.2734, 0.9921, 0.9287]],
       dtype=torch.float64)
V=tensor([[54.9449, 69.0846, 71.7182, 51.1534, 71.8309, 61.3478, 64.5468, 49.7106],
        [ 1.7185,  3.2349,  2.4065,  2.4562,  5.0550,  2.4008,  3.8297,  2.8174],
        [ 1.7185,  3.2349,  2.4065,  2.4562,  5.0550,  2.4008,  3.8297,  2.8174],
        [ 7.4111,  9.3323,  8.0908,  7.0691,  9.7448,  7.5069,  7.5059,  6.8674]],
       dtype=torch.float64, grad_fn=<MmBackward0>) V.shape=torch.Size([4, 8]) self.W_v=tensor([[0.4771, 0.7317, 0.0576, 0.9432, 0.9486, 0.5513, 0.4101, 0.7596],
        [0.1079, 0.4531, 0.1762, 0.8590, 0.4101, 0.0046, 0.5489, 0.3399],
        [0.4035, 0.6980, 0.4398, 0.2253, 0.2283, 0.5055, 0.3547, 0.1605],
        [0.6428, 0.4947, 0.3211, 0.0070, 0.9626, 0.4930, 0.1573, 0.1466],
        [0.4337, 0.5801, 0.0415, 0.5750, 0.9796, 0.8258, 0.2627, 0.8009],
        [0.8512, 0.7802, 0.6454, 0.5386, 0.1792, 0.1877, 0.2942, 0.5359],
        [0.1093, 0.8584, 0.9864, 0.1241, 0.7169, 0.0822, 0.4824, 0.6482],
        [0.8485, 0.3716, 0.2252, 0.5579, 0.7592, 0.0820, 0.2454, 0.7402],
        [0.4686, 0.3573, 0.9693, 0.3870, 0.2020, 0.6892, 0.3514, 0.2458],
        [0.1752, 0.0981, 0.2589, 0.0731, 0.5745, 0.6247, 0.7559, 0.3685],
        [0.3979, 0.9075, 0.8795, 0.0108, 0.7215, 0.9119, 0.8867, 0.1758],
        [0.9790, 0.9240, 0.8681, 0.5926, 0.6049, 0.1070, 0.3841, 0.1247],
        [0.9284, 0.4158, 0.5685, 0.4974, 0.3686, 0.7431, 0.1817, 0.1600],
        [0.2541, 0.0690, 0.3611, 0.1814, 0.9477, 0.6948, 0.5803, 0.5864],
        [0.0111, 0.9819, 0.5165, 0.9790, 0.8677, 0.8973, 0.9010, 0.4158],
        [0.3229, 0.6110, 0.7758, 0.5179, 0.2733, 0.1066, 0.7092, 0.6586]],
       dtype=torch.float64)
score=tensor([[29638.6438,  1568.8345,  1568.8345,  4068.8283],
        [ 1590.0832,    85.7729,    85.7729,   221.6211],
        [ 1590.0832,    85.7729,    85.7729,   221.6211],
        [ 3791.5562,   201.2466,   201.2466,   520.8459]], dtype=torch.float64,
       grad_fn=<MmBackward0>) score.shape=torch.Size([4, 4])
Score masked: score=tensor([[10478.8430,       -inf,       -inf,       -inf],
        [  562.1793,    30.3253,       -inf,       -inf],
        [  562.1793,    30.3253,    30.3253,       -inf],
        [ 1340.5175,    71.1514,    71.1514,   184.1468]], dtype=torch.float64,
       grad_fn=<MaskedFillBackward0>) mask=tensor([[1, 0, 0, 0],
        [1, 1, 0, 0],
        [1, 1, 1, 0],
        [1, 1, 1, 1]], dtype=torch.int32)
soft_max_out=tensor([[ 1.0000e+00,  0.0000e+00,  0.0000e+00,  0.0000e+00],
        [ 1.0000e+00, 1.0441e-231,  0.0000e+00,  0.0000e+00],
        [ 1.0000e+00, 1.0441e-231, 1.0441e-231,  0.0000e+00],
        [ 1.0000e+00,  0.0000e+00,  0.0000e+00,  0.0000e+00]],
       dtype=torch.float64, grad_fn=<SoftmaxBackward0>) soft_max_out.shape=torch.Size([4, 4])
Z=tensor([[54.9449, 69.0846, 71.7182, 51.1534, 71.8309, 61.3478, 64.5468, 49.7106],
        [54.9449, 69.0846, 71.7182, 51.1534, 71.8309, 61.3478, 64.5468, 49.7106],
        [54.9449, 69.0846, 71.7182, 51.1534, 71.8309, 61.3478, 64.5468, 49.7106],
        [54.9449, 69.0846, 71.7182, 51.1534, 71.8309, 61.3478, 64.5468, 49.7106]],
       dtype=torch.float64, grad_fn=<MmBackward0>) Z.shape=torch.Size([4, 8])
head=tensor([[54.9449, 69.0846, 71.7182, 51.1534, 71.8309, 61.3478, 64.5468, 49.7106,
         54.9449, 69.0846, 71.7182, 51.1534, 71.8309, 61.3478, 64.5468, 49.7106],
        [54.9449, 69.0846, 71.7182, 51.1534, 71.8309, 61.3478, 64.5468, 49.7106,
         54.9449, 69.0846, 71.7182, 51.1534, 71.8309, 61.3478, 64.5468, 49.7106],
        [54.9449, 69.0846, 71.7182, 51.1534, 71.8309, 61.3478, 64.5468, 49.7106,
         54.9449, 69.0846, 71.7182, 51.1534, 71.8309, 61.3478, 64.5468, 49.7106],
        [54.9449, 69.0846, 71.7182, 51.1534, 71.8309, 61.3478, 64.5468, 49.7106,
         54.9449, 69.0846, 71.7182, 51.1534, 71.8309, 61.3478, 64.5468, 49.7106]],
       dtype=torch.float64, grad_fn=<CatBackward0>)
head.shape=torch.Size([4, 16]) self.W_multi_head.shape=torch.Size([16, 16])
multi_head_out=tensor([[324.1462, 384.5707, 492.1061, 543.9153, 568.3734, 385.3410, 280.0153,
         537.6216, 605.6113, 495.4612, 538.8712, 482.9354, 482.0602, 408.1026,
         501.8579, 357.3585],
        [324.1462, 384.5707, 492.1061, 543.9153, 568.3734, 385.3410, 280.0153,
         537.6216, 605.6113, 495.4612, 538.8712, 482.9354, 482.0602, 408.1026,
         501.8579, 357.3585],
        [324.1462, 384.5707, 492.1061, 543.9153, 568.3734, 385.3410, 280.0153,
         537.6216, 605.6113, 495.4612, 538.8712, 482.9354, 482.0602, 408.1026,
         501.8579, 357.3585],
        [324.1462, 384.5707, 492.1061, 543.9153, 568.3734, 385.3410, 280.0153,
         537.6216, 605.6113, 495.4612, 538.8712, 482.9354, 482.0602, 408.1026,
         501.8579, 357.3585]], dtype=torch.float64, grad_fn=<MmBackward0>) X_in=tensor([[ 0.0000,  1.0000,  2.0000,  3.0000,  4.0000,  5.0000,  6.0000,  7.0000,
          8.0000,  9.0000, 10.0000, 11.0000, 12.0000, 13.0000, 14.0000, 15.0000],
        [-1.1233,  2.4488, -0.4281,  0.6500,  1.2522,  0.2673,  0.3771,  0.7161,
         -0.2296,  0.6136,  1.1893,  0.6170, -1.0088,  1.1986,  0.3484, -0.3813],
        [-1.1233,  2.4488, -0.4281,  0.6500,  1.2522,  0.2673,  0.3771,  0.7161,
         -0.2296,  0.6136,  1.1893,  0.6170, -1.0088,  1.1986,  0.3484, -0.3813],
        [ 1.0000,  1.0000,  1.0000,  1.0000,  1.0000,  1.0000,  1.0000,  1.0000,
          1.0000,  1.0000,  1.0000,  1.0000,  1.0000,  1.0000,  1.0000,  1.0000]],
       dtype=torch.float64, grad_fn=<SliceBackward0>)
X_in=tensor([[-1.5838, -0.9134,  0.2710,  0.8473,  1.1252, -0.8614, -1.9999,  0.8223,
          1.5752,  0.3840,  0.8687,  0.2692,  0.2705, -0.5257,  0.5084, -1.0576],
        [-1.5267, -0.8246,  0.3236,  0.9039,  1.1788, -0.8401, -1.9944,  0.8356,
          1.5711,  0.3719,  0.8545,  0.2345,  0.2071, -0.5801,  0.4392, -1.1542],
        [-1.5267, -0.8246,  0.3236,  0.9039,  1.1788, -0.8401, -1.9944,  0.8356,
          1.5711,  0.3719,  0.8545,  0.2345,  0.2071, -0.5801,  0.4392, -1.1542],
        [-1.5119, -0.8481,  0.3332,  0.9024,  1.1711, -0.8396, -1.9967,  0.8332,
          1.5801,  0.3701,  0.8470,  0.2325,  0.2229, -0.5896,  0.4404, -1.1470]],
       dtype=torch.float64, grad_fn=<NativeLayerNormBackward0>)
Q=tensor([[ 1.0607,  0.5712,  0.6838,  1.3151,  1.5139,  0.1407, -0.8671,  0.7044],
        [ 1.0450,  0.5263,  0.6157,  1.3118,  1.5280,  0.1355, -0.8734,  0.6400],
        [ 1.0450,  0.5263,  0.6157,  1.3118,  1.5280,  0.1355, -0.8734,  0.6400],
        [ 1.0312,  0.5249,  0.6125,  1.3200,  1.5243,  0.1315, -0.8738,  0.6541]],
       dtype=torch.float64, grad_fn=<MmBackward0>) Q.shape=torch.Size([4, 8]) self.W_q=tensor([[0.0611, 0.2246, 0.2343, 0.1771, 0.5561, 0.1094, 0.4609, 0.7084],
        [0.5798, 0.4967, 0.5104, 0.3295, 0.7182, 0.3845, 0.0898, 0.1175],
        [0.6402, 0.1968, 0.5124, 0.7118, 0.9249, 0.9997, 0.8927, 0.8767],
        [0.8450, 0.1544, 0.1705, 0.9842, 0.8127, 0.4358, 0.4143, 0.4284],
        [0.7578, 0.9225, 0.9643, 0.1760, 0.9539, 0.3134, 0.4544, 0.2956],
        [0.1875, 0.2433, 0.3493, 0.4441, 0.4069, 0.2859, 0.8036, 0.3218],
        [0.3639, 0.2985, 0.6635, 0.2552, 0.4144, 0.8396, 0.7418, 0.2865],
        [0.7929, 0.5001, 0.8977, 0.1051, 0.5809, 0.9867, 0.1315, 0.2391],
        [0.3047, 0.5158, 0.4514, 0.4929, 0.5301, 0.2647, 0.1671, 0.5482],
        [0.2380, 0.5374, 0.4422, 0.6454, 0.5376, 0.2245, 0.6632, 0.8439],
        [0.0109, 0.2807, 0.9301, 0.5438, 0.8123, 0.7750, 0.7308, 0.9924],
        [0.7282, 0.2328, 0.9997, 0.5540, 0.4200, 0.5419, 0.8642, 0.4312],
        [0.1213, 0.8956, 0.8784, 0.9128, 0.9688, 0.4150, 0.4094, 0.6885],
        [0.6800, 0.6415, 0.4019, 0.4875, 0.9569, 0.5172, 0.9534, 0.8540],
        [0.9555, 0.0836, 0.1684, 0.1883, 0.9384, 0.3543, 0.2027, 0.5069],
        [0.7145, 0.6801, 0.9717, 0.2403, 0.3372, 0.5260, 0.1794, 0.4793]],
       dtype=torch.float64)
K=tensor([[-1.6796,  0.1619, -0.1320,  0.9981, -0.8720,  1.4816,  0.4028, -1.1934],
        [-1.6766,  0.1709, -0.1244,  0.9849, -0.8756,  1.4843,  0.4033, -1.1954],
        [-1.6752,  0.1649, -0.1393,  0.9982, -0.8745,  1.4912,  0.4133, -1.1940],
        [-1.6463,  0.1992, -0.1200,  0.9416, -0.8848,  1.5019,  0.5090, -1.1946],
        [-1.5511,  0.2503, -0.0917,  0.8052, -0.9162,  1.5223,  0.7359, -1.1856],
        [-1.6851,  0.1829, -0.1396,  1.0076, -0.8645,  1.4766,  0.4123, -1.1755],
        [-1.6675,  0.1831, -0.1400,  0.9880, -0.8789,  1.4925,  0.4191, -1.1841]],
       dtype=torch.float64, grad_fn=<MmBackward0>) K.shape=torch.Size([7, 8]) tensor([[0.9176, 0.0969, 0.7088, 0.5403, 0.9133, 0.5257, 0.1204, 0.2669],
        [0.6928, 0.4623, 0.0821, 0.6830, 0.6197, 0.8080, 0.7328, 0.3664],
        [0.9414, 0.1970, 0.7579, 0.1139, 0.7440, 0.7068, 0.7945, 0.6953],
        [0.4236, 0.1344, 0.8726, 0.0248, 0.1871, 0.4442, 0.0288, 0.1701],
        [0.5530, 0.3270, 0.7248, 0.3561, 0.3695, 0.8486, 0.3875, 0.1408],
        [0.4006, 0.0171, 0.7371, 0.6248, 0.5112, 0.6141, 0.4584, 0.3932],
        [0.9174, 0.2641, 0.5383, 0.1304, 0.2692, 0.5418, 0.0513, 0.7104],
        [0.2190, 0.5117, 0.4089, 0.7485, 0.9291, 0.5215, 0.6378, 0.5737],
        [0.1116, 0.2890, 0.3665, 0.5505, 0.4982, 0.8949, 0.1929, 0.6126],
        [0.9573, 0.3505, 0.9706, 0.8580, 0.6232, 0.6595, 0.0853, 0.7083],
        [0.3387, 0.3283, 0.1897, 0.6480, 0.0071, 0.7271, 0.5857, 0.4027],
        [0.5211, 0.9657, 0.5535, 0.6017, 0.2427, 0.5854, 0.5740, 0.5110],
        [0.5883, 0.7138, 0.1372, 0.6238, 0.3607, 0.3382, 0.5413, 0.4971],
        [0.5034, 0.7710, 0.2761, 0.0033, 0.5892, 0.0952, 0.2184, 0.6989],
        [0.6182, 0.3122, 0.0896, 0.1596, 0.0574, 0.9065, 0.8951, 0.0171],
        [0.1151, 0.6182, 0.4213, 0.2124, 0.4743, 0.2734, 0.9921, 0.9287]],
       dtype=torch.float64)
V=tensor([[ 1.3226, -0.9283, -0.4366, -0.9348,  0.0548,  2.5034, -0.4848, -1.7946],
        [ 1.3255, -0.9173, -0.4344, -0.9317,  0.0644,  2.4976, -0.4901, -1.7927],
        [ 1.3080, -0.9191, -0.4322, -0.9298,  0.0563,  2.4958, -0.4695, -1.7992],
        [ 1.3279, -0.8600, -0.4126, -0.8602,  0.0315,  2.4558, -0.4728, -1.7753],
        [ 1.3327, -0.6981, -0.3379, -0.6953, -0.0400,  2.3509, -0.4431, -1.7141],
        [ 1.3290, -0.9346, -0.4285, -0.9389,  0.0436,  2.4920, -0.4843, -1.7971],
        [ 1.3106, -0.9135, -0.4181, -0.9280,  0.0471,  2.5027, -0.4741, -1.8083]],
       dtype=torch.float64, grad_fn=<MmBackward0>) V.shape=torch.Size([7, 8]) self.W_v=tensor([[0.4771, 0.7317, 0.0576, 0.9432, 0.9486, 0.5513, 0.4101, 0.7596],
        [0.1079, 0.4531, 0.1762, 0.8590, 0.4101, 0.0046, 0.5489, 0.3399],
        [0.4035, 0.6980, 0.4398, 0.2253, 0.2283, 0.5055, 0.3547, 0.1605],
        [0.6428, 0.4947, 0.3211, 0.0070, 0.9626, 0.4930, 0.1573, 0.1466],
        [0.4337, 0.5801, 0.0415, 0.5750, 0.9796, 0.8258, 0.2627, 0.8009],
        [0.8512, 0.7802, 0.6454, 0.5386, 0.1792, 0.1877, 0.2942, 0.5359],
        [0.1093, 0.8584, 0.9864, 0.1241, 0.7169, 0.0822, 0.4824, 0.6482],
        [0.8485, 0.3716, 0.2252, 0.5579, 0.7592, 0.0820, 0.2454, 0.7402],
        [0.4686, 0.3573, 0.9693, 0.3870, 0.2020, 0.6892, 0.3514, 0.2458],
        [0.1752, 0.0981, 0.2589, 0.0731, 0.5745, 0.6247, 0.7559, 0.3685],
        [0.3979, 0.9075, 0.8795, 0.0108, 0.7215, 0.9119, 0.8867, 0.1758],
        [0.9790, 0.9240, 0.8681, 0.5926, 0.6049, 0.1070, 0.3841, 0.1247],
        [0.9284, 0.4158, 0.5685, 0.4974, 0.3686, 0.7431, 0.1817, 0.1600],
        [0.2541, 0.0690, 0.3611, 0.1814, 0.9477, 0.6948, 0.5803, 0.5864],
        [0.0111, 0.9819, 0.5165, 0.9790, 0.8677, 0.8973, 0.9010, 0.4158],
        [0.3229, 0.6110, 0.7758, 0.5179, 0.2733, 0.1066, 0.7092, 0.6586]],
       dtype=torch.float64)
score=tensor([[-2.7685, -2.7792, -2.7787, -2.8874, -3.1521, -2.7399, -2.7787],
        [-2.6892, -2.7007, -2.6992, -2.8118, -3.0843, -2.6620, -2.7008],
        [-2.6892, -2.7007, -2.6992, -2.8118, -3.0843, -2.6620, -2.7008],
        [-2.6775, -2.6892, -2.6876, -2.8012, -3.0762, -2.6499, -2.6892]],
       dtype=torch.float64, grad_fn=<MmBackward0>) score.shape=torch.Size([4, 7])
soft_max_out=tensor([[0.1464, 0.1458, 0.1459, 0.1404, 0.1278, 0.1479, 0.1459],
        [0.1465, 0.1459, 0.1460, 0.1403, 0.1274, 0.1479, 0.1459],
        [0.1465, 0.1459, 0.1460, 0.1403, 0.1274, 0.1479, 0.1459],
        [0.1465, 0.1459, 0.1460, 0.1403, 0.1273, 0.1480, 0.1459]],
       dtype=torch.float64, grad_fn=<SoftmaxBackward0>) soft_max_out.shape=torch.Size([4, 7])
Z=tensor([[ 1.3221, -0.8851, -0.4157, -0.8921,  0.0383,  2.4735, -0.4747, -1.7844],
        [ 1.3221, -0.8852, -0.4158, -0.8923,  0.0383,  2.4735, -0.4747, -1.7844],
        [ 1.3221, -0.8852, -0.4158, -0.8923,  0.0383,  2.4735, -0.4747, -1.7844],
        [ 1.3221, -0.8852, -0.4158, -0.8923,  0.0383,  2.4736, -0.4747, -1.7844]],
       dtype=torch.float64, grad_fn=<MmBackward0>) Z.shape=torch.Size([4, 8])
X_in=tensor([[-1.5838, -0.9134,  0.2710,  0.8473,  1.1252, -0.8614, -1.9999,  0.8223,
          1.5752,  0.3840,  0.8687,  0.2692,  0.2705, -0.5257,  0.5084, -1.0576],
        [-1.5267, -0.8246,  0.3236,  0.9039,  1.1788, -0.8401, -1.9944,  0.8356,
          1.5711,  0.3719,  0.8545,  0.2345,  0.2071, -0.5801,  0.4392, -1.1542],
        [-1.5267, -0.8246,  0.3236,  0.9039,  1.1788, -0.8401, -1.9944,  0.8356,
          1.5711,  0.3719,  0.8545,  0.2345,  0.2071, -0.5801,  0.4392, -1.1542],
        [-1.5119, -0.8481,  0.3332,  0.9024,  1.1711, -0.8396, -1.9967,  0.8332,
          1.5801,  0.3701,  0.8470,  0.2325,  0.2229, -0.5896,  0.4404, -1.1470]],
       dtype=torch.float64, grad_fn=<NativeLayerNormBackward0>)
Q=tensor([[ 1.0607,  0.5712,  0.6838,  1.3151,  1.5139,  0.1407, -0.8671,  0.7044],
        [ 1.0450,  0.5263,  0.6157,  1.3118,  1.5280,  0.1355, -0.8734,  0.6400],
        [ 1.0450,  0.5263,  0.6157,  1.3118,  1.5280,  0.1355, -0.8734,  0.6400],
        [ 1.0312,  0.5249,  0.6125,  1.3200,  1.5243,  0.1315, -0.8738,  0.6541]],
       dtype=torch.float64, grad_fn=<MmBackward0>) Q.shape=torch.Size([4, 8]) self.W_q=tensor([[0.0611, 0.2246, 0.2343, 0.1771, 0.5561, 0.1094, 0.4609, 0.7084],
        [0.5798, 0.4967, 0.5104, 0.3295, 0.7182, 0.3845, 0.0898, 0.1175],
        [0.6402, 0.1968, 0.5124, 0.7118, 0.9249, 0.9997, 0.8927, 0.8767],
        [0.8450, 0.1544, 0.1705, 0.9842, 0.8127, 0.4358, 0.4143, 0.4284],
        [0.7578, 0.9225, 0.9643, 0.1760, 0.9539, 0.3134, 0.4544, 0.2956],
        [0.1875, 0.2433, 0.3493, 0.4441, 0.4069, 0.2859, 0.8036, 0.3218],
        [0.3639, 0.2985, 0.6635, 0.2552, 0.4144, 0.8396, 0.7418, 0.2865],
        [0.7929, 0.5001, 0.8977, 0.1051, 0.5809, 0.9867, 0.1315, 0.2391],
        [0.3047, 0.5158, 0.4514, 0.4929, 0.5301, 0.2647, 0.1671, 0.5482],
        [0.2380, 0.5374, 0.4422, 0.6454, 0.5376, 0.2245, 0.6632, 0.8439],
        [0.0109, 0.2807, 0.9301, 0.5438, 0.8123, 0.7750, 0.7308, 0.9924],
        [0.7282, 0.2328, 0.9997, 0.5540, 0.4200, 0.5419, 0.8642, 0.4312],
        [0.1213, 0.8956, 0.8784, 0.9128, 0.9688, 0.4150, 0.4094, 0.6885],
        [0.6800, 0.6415, 0.4019, 0.4875, 0.9569, 0.5172, 0.9534, 0.8540],
        [0.9555, 0.0836, 0.1684, 0.1883, 0.9384, 0.3543, 0.2027, 0.5069],
        [0.7145, 0.6801, 0.9717, 0.2403, 0.3372, 0.5260, 0.1794, 0.4793]],
       dtype=torch.float64)
K=tensor([[-1.6796,  0.1619, -0.1320,  0.9981, -0.8720,  1.4816,  0.4028, -1.1934],
        [-1.6766,  0.1709, -0.1244,  0.9849, -0.8756,  1.4843,  0.4033, -1.1954],
        [-1.6752,  0.1649, -0.1393,  0.9982, -0.8745,  1.4912,  0.4133, -1.1940],
        [-1.6463,  0.1992, -0.1200,  0.9416, -0.8848,  1.5019,  0.5090, -1.1946],
        [-1.5511,  0.2503, -0.0917,  0.8052, -0.9162,  1.5223,  0.7359, -1.1856],
        [-1.6851,  0.1829, -0.1396,  1.0076, -0.8645,  1.4766,  0.4123, -1.1755],
        [-1.6675,  0.1831, -0.1400,  0.9880, -0.8789,  1.4925,  0.4191, -1.1841]],
       dtype=torch.float64, grad_fn=<MmBackward0>) K.shape=torch.Size([7, 8]) tensor([[0.9176, 0.0969, 0.7088, 0.5403, 0.9133, 0.5257, 0.1204, 0.2669],
        [0.6928, 0.4623, 0.0821, 0.6830, 0.6197, 0.8080, 0.7328, 0.3664],
        [0.9414, 0.1970, 0.7579, 0.1139, 0.7440, 0.7068, 0.7945, 0.6953],
        [0.4236, 0.1344, 0.8726, 0.0248, 0.1871, 0.4442, 0.0288, 0.1701],
        [0.5530, 0.3270, 0.7248, 0.3561, 0.3695, 0.8486, 0.3875, 0.1408],
        [0.4006, 0.0171, 0.7371, 0.6248, 0.5112, 0.6141, 0.4584, 0.3932],
        [0.9174, 0.2641, 0.5383, 0.1304, 0.2692, 0.5418, 0.0513, 0.7104],
        [0.2190, 0.5117, 0.4089, 0.7485, 0.9291, 0.5215, 0.6378, 0.5737],
        [0.1116, 0.2890, 0.3665, 0.5505, 0.4982, 0.8949, 0.1929, 0.6126],
        [0.9573, 0.3505, 0.9706, 0.8580, 0.6232, 0.6595, 0.0853, 0.7083],
        [0.3387, 0.3283, 0.1897, 0.6480, 0.0071, 0.7271, 0.5857, 0.4027],
        [0.5211, 0.9657, 0.5535, 0.6017, 0.2427, 0.5854, 0.5740, 0.5110],
        [0.5883, 0.7138, 0.1372, 0.6238, 0.3607, 0.3382, 0.5413, 0.4971],
        [0.5034, 0.7710, 0.2761, 0.0033, 0.5892, 0.0952, 0.2184, 0.6989],
        [0.6182, 0.3122, 0.0896, 0.1596, 0.0574, 0.9065, 0.8951, 0.0171],
        [0.1151, 0.6182, 0.4213, 0.2124, 0.4743, 0.2734, 0.9921, 0.9287]],
       dtype=torch.float64)
V=tensor([[ 1.3226, -0.9283, -0.4366, -0.9348,  0.0548,  2.5034, -0.4848, -1.7946],
        [ 1.3255, -0.9173, -0.4344, -0.9317,  0.0644,  2.4976, -0.4901, -1.7927],
        [ 1.3080, -0.9191, -0.4322, -0.9298,  0.0563,  2.4958, -0.4695, -1.7992],
        [ 1.3279, -0.8600, -0.4126, -0.8602,  0.0315,  2.4558, -0.4728, -1.7753],
        [ 1.3327, -0.6981, -0.3379, -0.6953, -0.0400,  2.3509, -0.4431, -1.7141],
        [ 1.3290, -0.9346, -0.4285, -0.9389,  0.0436,  2.4920, -0.4843, -1.7971],
        [ 1.3106, -0.9135, -0.4181, -0.9280,  0.0471,  2.5027, -0.4741, -1.8083]],
       dtype=torch.float64, grad_fn=<MmBackward0>) V.shape=torch.Size([7, 8]) self.W_v=tensor([[0.4771, 0.7317, 0.0576, 0.9432, 0.9486, 0.5513, 0.4101, 0.7596],
        [0.1079, 0.4531, 0.1762, 0.8590, 0.4101, 0.0046, 0.5489, 0.3399],
        [0.4035, 0.6980, 0.4398, 0.2253, 0.2283, 0.5055, 0.3547, 0.1605],
        [0.6428, 0.4947, 0.3211, 0.0070, 0.9626, 0.4930, 0.1573, 0.1466],
        [0.4337, 0.5801, 0.0415, 0.5750, 0.9796, 0.8258, 0.2627, 0.8009],
        [0.8512, 0.7802, 0.6454, 0.5386, 0.1792, 0.1877, 0.2942, 0.5359],
        [0.1093, 0.8584, 0.9864, 0.1241, 0.7169, 0.0822, 0.4824, 0.6482],
        [0.8485, 0.3716, 0.2252, 0.5579, 0.7592, 0.0820, 0.2454, 0.7402],
        [0.4686, 0.3573, 0.9693, 0.3870, 0.2020, 0.6892, 0.3514, 0.2458],
        [0.1752, 0.0981, 0.2589, 0.0731, 0.5745, 0.6247, 0.7559, 0.3685],
        [0.3979, 0.9075, 0.8795, 0.0108, 0.7215, 0.9119, 0.8867, 0.1758],
        [0.9790, 0.9240, 0.8681, 0.5926, 0.6049, 0.1070, 0.3841, 0.1247],
        [0.9284, 0.4158, 0.5685, 0.4974, 0.3686, 0.7431, 0.1817, 0.1600],
        [0.2541, 0.0690, 0.3611, 0.1814, 0.9477, 0.6948, 0.5803, 0.5864],
        [0.0111, 0.9819, 0.5165, 0.9790, 0.8677, 0.8973, 0.9010, 0.4158],
        [0.3229, 0.6110, 0.7758, 0.5179, 0.2733, 0.1066, 0.7092, 0.6586]],
       dtype=torch.float64)
score=tensor([[-2.7685, -2.7792, -2.7787, -2.8874, -3.1521, -2.7399, -2.7787],
        [-2.6892, -2.7007, -2.6992, -2.8118, -3.0843, -2.6620, -2.7008],
        [-2.6892, -2.7007, -2.6992, -2.8118, -3.0843, -2.6620, -2.7008],
        [-2.6775, -2.6892, -2.6876, -2.8012, -3.0762, -2.6499, -2.6892]],
       dtype=torch.float64, grad_fn=<MmBackward0>) score.shape=torch.Size([4, 7])
soft_max_out=tensor([[0.1464, 0.1458, 0.1459, 0.1404, 0.1278, 0.1479, 0.1459],
        [0.1465, 0.1459, 0.1460, 0.1403, 0.1274, 0.1479, 0.1459],
        [0.1465, 0.1459, 0.1460, 0.1403, 0.1274, 0.1479, 0.1459],
        [0.1465, 0.1459, 0.1460, 0.1403, 0.1273, 0.1480, 0.1459]],
       dtype=torch.float64, grad_fn=<SoftmaxBackward0>) soft_max_out.shape=torch.Size([4, 7])
Z=tensor([[ 1.3221, -0.8851, -0.4157, -0.8921,  0.0383,  2.4735, -0.4747, -1.7844],
        [ 1.3221, -0.8852, -0.4158, -0.8923,  0.0383,  2.4735, -0.4747, -1.7844],
        [ 1.3221, -0.8852, -0.4158, -0.8923,  0.0383,  2.4735, -0.4747, -1.7844],
        [ 1.3221, -0.8852, -0.4158, -0.8923,  0.0383,  2.4736, -0.4747, -1.7844]],
       dtype=torch.float64, grad_fn=<MmBackward0>) Z.shape=torch.Size([4, 8])
head=tensor([[ 1.3221, -0.8851, -0.4157, -0.8921,  0.0383,  2.4735, -0.4747, -1.7844,
          1.3221, -0.8851, -0.4157, -0.8921,  0.0383,  2.4735, -0.4747, -1.7844],
        [ 1.3221, -0.8852, -0.4158, -0.8923,  0.0383,  2.4735, -0.4747, -1.7844,
          1.3221, -0.8852, -0.4158, -0.8923,  0.0383,  2.4735, -0.4747, -1.7844],
        [ 1.3221, -0.8852, -0.4158, -0.8923,  0.0383,  2.4735, -0.4747, -1.7844,
          1.3221, -0.8852, -0.4158, -0.8923,  0.0383,  2.4735, -0.4747, -1.7844],
        [ 1.3221, -0.8852, -0.4158, -0.8923,  0.0383,  2.4736, -0.4747, -1.7844,
          1.3221, -0.8852, -0.4158, -0.8923,  0.0383,  2.4736, -0.4747, -1.7844]],
       dtype=torch.float64, grad_fn=<CatBackward0>)
head.shape=torch.Size([4, 16]) self.W_multi_head.shape=torch.Size([16, 16])
multi_head_out=tensor([[ 1.0369, -3.5299, -0.7717,  0.9163,  3.4306, -2.9390, -0.1173, -2.0728,
          0.2963,  2.3451, -1.3097, -1.6590, -0.2611, -2.7148, -1.0896, -0.1782],
        [ 1.0369, -3.5300, -0.7720,  0.9162,  3.4305, -2.9393, -0.1174, -2.0731,
          0.2962,  2.3451, -1.3098, -1.6592, -0.2612, -2.7150, -1.0899, -0.1782],
        [ 1.0369, -3.5300, -0.7720,  0.9162,  3.4305, -2.9393, -0.1174, -2.0731,
          0.2962,  2.3451, -1.3098, -1.6592, -0.2612, -2.7150, -1.0899, -0.1782],
        [ 1.0369, -3.5301, -0.7721,  0.9162,  3.4305, -2.9394, -0.1175, -2.0732,
          0.2961,  2.3451, -1.3098, -1.6593, -0.2612, -2.7150, -1.0899, -0.1782]],
       dtype=torch.float64, grad_fn=<MmBackward0>) X_in=tensor([[-1.5838, -0.9134,  0.2710,  0.8473,  1.1252, -0.8614, -1.9999,  0.8223,
          1.5752,  0.3840,  0.8687,  0.2692,  0.2705, -0.5257,  0.5084, -1.0576],
        [-1.5267, -0.8246,  0.3236,  0.9039,  1.1788, -0.8401, -1.9944,  0.8356,
          1.5711,  0.3719,  0.8545,  0.2345,  0.2071, -0.5801,  0.4392, -1.1542],
        [-1.5267, -0.8246,  0.3236,  0.9039,  1.1788, -0.8401, -1.9944,  0.8356,
          1.5711,  0.3719,  0.8545,  0.2345,  0.2071, -0.5801,  0.4392, -1.1542],
        [-1.5119, -0.8481,  0.3332,  0.9024,  1.1711, -0.8396, -1.9967,  0.8332,
          1.5801,  0.3701,  0.8470,  0.2325,  0.2229, -0.5896,  0.4404, -1.1470]],
       dtype=torch.float64, grad_fn=<NativeLayerNormBackward0>)
decoder_out=tensor([[-1.5170, -0.8636,  0.3332,  0.9013,  1.1783, -0.8362, -1.9918,  0.8316,
          1.5747,  0.3727,  0.8455,  0.2400,  0.2219, -0.5895,  0.4399, -1.1410],
        [-1.5107, -0.8453,  0.3306,  0.9126,  1.1594, -0.8352, -1.9956,  0.8353,
          1.5759,  0.3760,  0.8555,  0.2266,  0.2150, -0.5953,  0.4482, -1.1530],
        [-1.5107, -0.8453,  0.3306,  0.9126,  1.1594, -0.8352, -1.9956,  0.8353,
          1.5759,  0.3760,  0.8555,  0.2266,  0.2150, -0.5953,  0.4482, -1.1530],
        [-1.5140, -0.8464,  0.3294,  0.9099,  1.1651, -0.8341, -1.9942,  0.8372,
          1.5744,  0.3755,  0.8538,  0.2315,  0.2119, -0.5917,  0.4446, -1.1529]],
       dtype=torch.float64, grad_fn=<NativeLayerNormBackward0>) X_out=tensor([[ 0.0000,  1.0000,  2.0000,  3.0000,  4.0000,  5.0000,  6.0000,  7.0000,
          8.0000,  9.0000, 10.0000, 11.0000, 12.0000, 13.0000, 14.0000, 15.0000],
        [-1.1233,  2.4488, -0.4281,  0.6500,  1.2522,  0.2673,  0.3771,  0.7161,
         -0.2296,  0.6136,  1.1893,  0.6170, -1.0088,  1.1986,  0.3484, -0.3813],
        [-1.1233,  2.4488, -0.4281,  0.6500,  1.2522,  0.2673,  0.3771,  0.7161,
         -0.2296,  0.6136,  1.1893,  0.6170, -1.0088,  1.1986,  0.3484, -0.3813],
        [ 1.0000,  1.0000,  1.0000,  1.0000,  1.0000,  1.0000,  1.0000,  1.0000,
          1.0000,  1.0000,  1.0000,  1.0000,  1.0000,  1.0000,  1.0000,  1.0000],
        [ 1.0000,  1.0000,  1.0000,  1.0000,  1.0000,  1.0000,  1.0000,  1.0000,
          1.0000,  1.0000,  1.0000,  1.0000,  1.0000,  1.0000,  1.0000,  1.0000],
        [ 1.0000,  1.0000,  1.0000,  1.0000,  1.0000,  1.0000,  1.0000,  1.0000,
          1.0000,  1.0000,  1.0000,  1.0000,  1.0000,  1.0000,  1.0000,  1.0000],
        [ 1.0000,  1.0000,  1.0000,  1.0000,  1.0000,  1.0000,  1.0000,  1.0000,
          1.0000,  1.0000,  1.0000,  1.0000,  1.0000,  1.0000,  1.0000,  1.0000]],
       dtype=torch.float64, grad_fn=<CopySlices>)
logits_prob=tensor([1.5242e-05, 1.5660e-05, 3.4713e-05,  ..., 2.7300e-05, 4.4179e-05,
        8.2722e-05], dtype=torch.float64, grad_fn=<SoftmaxBackward0>)
X_out=tensor([[ 0.0000,  1.0000,  2.0000,  3.0000,  4.0000,  5.0000,  6.0000,  7.0000,
          8.0000,  9.0000, 10.0000, 11.0000, 12.0000, 13.0000, 14.0000, 15.0000],
        [-1.1233,  2.4488, -0.4281,  0.6500,  1.2522,  0.2673,  0.3771,  0.7161,
         -0.2296,  0.6136,  1.1893,  0.6170, -1.0088,  1.1986,  0.3484, -0.3813],
        [-1.1233,  2.4488, -0.4281,  0.6500,  1.2522,  0.2673,  0.3771,  0.7161,
         -0.2296,  0.6136,  1.1893,  0.6170, -1.0088,  1.1986,  0.3484, -0.3813],
        [ 1.0000,  1.0000,  1.0000,  1.0000,  1.0000,  1.0000,  1.0000,  1.0000,
          1.0000,  1.0000,  1.0000,  1.0000,  1.0000,  1.0000,  1.0000,  1.0000],
        [ 1.0000,  1.0000,  1.0000,  1.0000,  1.0000,  1.0000,  1.0000,  1.0000,
          1.0000,  1.0000,  1.0000,  1.0000,  1.0000,  1.0000,  1.0000,  1.0000],
        [ 1.0000,  1.0000,  1.0000,  1.0000,  1.0000,  1.0000,  1.0000,  1.0000,
          1.0000,  1.0000,  1.0000,  1.0000,  1.0000,  1.0000,  1.0000,  1.0000],
        [ 1.0000,  1.0000,  1.0000,  1.0000,  1.0000,  1.0000,  1.0000,  1.0000,
          1.0000,  1.0000,  1.0000,  1.0000,  1.0000,  1.0000,  1.0000,  1.0000]],
       dtype=torch.float64, grad_fn=<CopySlices>) token_embedding=tensor([[-1.1233,  2.4488, -0.4281,  0.6500,  1.2522,  0.2673,  0.3771,  0.7161,
         -0.2296,  0.6136,  1.1893,  0.6170, -1.0088,  1.1986,  0.3484, -0.3813]],
       dtype=torch.float64, grad_fn=<CopySlices>)
X_out=tensor([[ 0.0000,  1.0000,  2.0000,  3.0000,  4.0000,  5.0000,  6.0000,  7.0000,
          8.0000,  9.0000, 10.0000, 11.0000, 12.0000, 13.0000, 14.0000, 15.0000],
        [-1.1233,  2.4488, -0.4281,  0.6500,  1.2522,  0.2673,  0.3771,  0.7161,
         -0.2296,  0.6136,  1.1893,  0.6170, -1.0088,  1.1986,  0.3484, -0.3813],
        [-1.1233,  2.4488, -0.4281,  0.6500,  1.2522,  0.2673,  0.3771,  0.7161,
         -0.2296,  0.6136,  1.1893,  0.6170, -1.0088,  1.1986,  0.3484, -0.3813],
        [-1.1233,  2.4488, -0.4281,  0.6500,  1.2522,  0.2673,  0.3771,  0.7161,
         -0.2296,  0.6136,  1.1893,  0.6170, -1.0088,  1.1986,  0.3484, -0.3813],
        [ 1.0000,  1.0000,  1.0000,  1.0000,  1.0000,  1.0000,  1.0000,  1.0000,
          1.0000,  1.0000,  1.0000,  1.0000,  1.0000,  1.0000,  1.0000,  1.0000],
        [ 1.0000,  1.0000,  1.0000,  1.0000,  1.0000,  1.0000,  1.0000,  1.0000,
          1.0000,  1.0000,  1.0000,  1.0000,  1.0000,  1.0000,  1.0000,  1.0000],
        [ 1.0000,  1.0000,  1.0000,  1.0000,  1.0000,  1.0000,  1.0000,  1.0000,
          1.0000,  1.0000,  1.0000,  1.0000,  1.0000,  1.0000,  1.0000,  1.0000]],
       dtype=torch.float64, grad_fn=<CopySlices>)
Next token is: northwest X_input: X_in=tensor([[ 0.0000,  1.0000,  2.0000,  3.0000,  4.0000,  5.0000,  6.0000,  7.0000,
          8.0000,  9.0000, 10.0000, 11.0000, 12.0000, 13.0000, 14.0000, 15.0000],
        [-1.1233,  2.4488, -0.4281,  0.6500,  1.2522,  0.2673,  0.3771,  0.7161,
         -0.2296,  0.6136,  1.1893,  0.6170, -1.0088,  1.1986,  0.3484, -0.3813],
        [-1.1233,  2.4488, -0.4281,  0.6500,  1.2522,  0.2673,  0.3771,  0.7161,
         -0.2296,  0.6136,  1.1893,  0.6170, -1.0088,  1.1986,  0.3484, -0.3813],
        [-1.1233,  2.4488, -0.4281,  0.6500,  1.2522,  0.2673,  0.3771,  0.7161,
         -0.2296,  0.6136,  1.1893,  0.6170, -1.0088,  1.1986,  0.3484, -0.3813],
        [ 1.0000,  1.0000,  1.0000,  1.0000,  1.0000,  1.0000,  1.0000,  1.0000,
          1.0000,  1.0000,  1.0000,  1.0000,  1.0000,  1.0000,  1.0000,  1.0000]],
       dtype=torch.float64, grad_fn=<SliceBackward0>)
X_in=tensor([[ 0.0000,  1.0000,  2.0000,  3.0000,  4.0000,  5.0000,  6.0000,  7.0000,
          8.0000,  9.0000, 10.0000, 11.0000, 12.0000, 13.0000, 14.0000, 15.0000],
        [-1.1233,  2.4488, -0.4281,  0.6500,  1.2522,  0.2673,  0.3771,  0.7161,
         -0.2296,  0.6136,  1.1893,  0.6170, -1.0088,  1.1986,  0.3484, -0.3813],
        [-1.1233,  2.4488, -0.4281,  0.6500,  1.2522,  0.2673,  0.3771,  0.7161,
         -0.2296,  0.6136,  1.1893,  0.6170, -1.0088,  1.1986,  0.3484, -0.3813],
        [-1.1233,  2.4488, -0.4281,  0.6500,  1.2522,  0.2673,  0.3771,  0.7161,
         -0.2296,  0.6136,  1.1893,  0.6170, -1.0088,  1.1986,  0.3484, -0.3813],
        [ 1.0000,  1.0000,  1.0000,  1.0000,  1.0000,  1.0000,  1.0000,  1.0000,
          1.0000,  1.0000,  1.0000,  1.0000,  1.0000,  1.0000,  1.0000,  1.0000]],
       dtype=torch.float64, grad_fn=<SliceBackward0>)
Q=tensor([[63.1846, 56.3415, 78.5034, 54.7119, 81.4926, 60.7211, 61.2801, 69.6383],
        [ 4.6218,  2.9951,  4.2466,  2.3625,  4.9434,  3.6232,  3.2498,  2.2918],
        [ 4.6218,  2.9951,  4.2466,  2.3625,  4.9434,  3.6232,  3.2498,  2.2918],
        [ 4.6218,  2.9951,  4.2466,  2.3625,  4.9434,  3.6232,  3.2498,  2.2918],
        [ 7.9810,  6.9044,  9.5463,  7.2480, 10.8693,  7.9736,  8.1592,  8.6183]],
       dtype=torch.float64, grad_fn=<MmBackward0>) Q.shape=torch.Size([5, 8]) self.W_q=tensor([[0.0611, 0.2246, 0.2343, 0.1771, 0.5561, 0.1094, 0.4609, 0.7084],
        [0.5798, 0.4967, 0.5104, 0.3295, 0.7182, 0.3845, 0.0898, 0.1175],
        [0.6402, 0.1968, 0.5124, 0.7118, 0.9249, 0.9997, 0.8927, 0.8767],
        [0.8450, 0.1544, 0.1705, 0.9842, 0.8127, 0.4358, 0.4143, 0.4284],
        [0.7578, 0.9225, 0.9643, 0.1760, 0.9539, 0.3134, 0.4544, 0.2956],
        [0.1875, 0.2433, 0.3493, 0.4441, 0.4069, 0.2859, 0.8036, 0.3218],
        [0.3639, 0.2985, 0.6635, 0.2552, 0.4144, 0.8396, 0.7418, 0.2865],
        [0.7929, 0.5001, 0.8977, 0.1051, 0.5809, 0.9867, 0.1315, 0.2391],
        [0.3047, 0.5158, 0.4514, 0.4929, 0.5301, 0.2647, 0.1671, 0.5482],
        [0.2380, 0.5374, 0.4422, 0.6454, 0.5376, 0.2245, 0.6632, 0.8439],
        [0.0109, 0.2807, 0.9301, 0.5438, 0.8123, 0.7750, 0.7308, 0.9924],
        [0.7282, 0.2328, 0.9997, 0.5540, 0.4200, 0.5419, 0.8642, 0.4312],
        [0.1213, 0.8956, 0.8784, 0.9128, 0.9688, 0.4150, 0.4094, 0.6885],
        [0.6800, 0.6415, 0.4019, 0.4875, 0.9569, 0.5172, 0.9534, 0.8540],
        [0.9555, 0.0836, 0.1684, 0.1883, 0.9384, 0.3543, 0.2027, 0.5069],
        [0.7145, 0.6801, 0.9717, 0.2403, 0.3372, 0.5260, 0.1794, 0.4793]],
       dtype=torch.float64)
K=tensor([[57.7107, 59.4244, 49.3530, 49.7288, 47.0641, 65.8137, 62.2513, 63.2208],
        [ 3.3079,  3.1185,  2.3897,  3.1224,  2.2688,  4.5885,  3.1299,  2.4468],
        [ 3.3079,  3.1185,  2.3897,  3.1224,  2.2688,  4.5885,  3.1299,  2.4468],
        [ 3.3079,  3.1185,  2.3897,  3.1224,  2.2688,  4.5885,  3.1299,  2.4468],
        [ 8.8189,  6.3592,  7.8348,  6.8790,  7.3960,  9.4909,  7.2963,  7.6935]],
       dtype=torch.float64, grad_fn=<MmBackward0>) K.shape=torch.Size([5, 8]) tensor([[0.9176, 0.0969, 0.7088, 0.5403, 0.9133, 0.5257, 0.1204, 0.2669],
        [0.6928, 0.4623, 0.0821, 0.6830, 0.6197, 0.8080, 0.7328, 0.3664],
        [0.9414, 0.1970, 0.7579, 0.1139, 0.7440, 0.7068, 0.7945, 0.6953],
        [0.4236, 0.1344, 0.8726, 0.0248, 0.1871, 0.4442, 0.0288, 0.1701],
        [0.5530, 0.3270, 0.7248, 0.3561, 0.3695, 0.8486, 0.3875, 0.1408],
        [0.4006, 0.0171, 0.7371, 0.6248, 0.5112, 0.6141, 0.4584, 0.3932],
        [0.9174, 0.2641, 0.5383, 0.1304, 0.2692, 0.5418, 0.0513, 0.7104],
        [0.2190, 0.5117, 0.4089, 0.7485, 0.9291, 0.5215, 0.6378, 0.5737],
        [0.1116, 0.2890, 0.3665, 0.5505, 0.4982, 0.8949, 0.1929, 0.6126],
        [0.9573, 0.3505, 0.9706, 0.8580, 0.6232, 0.6595, 0.0853, 0.7083],
        [0.3387, 0.3283, 0.1897, 0.6480, 0.0071, 0.7271, 0.5857, 0.4027],
        [0.5211, 0.9657, 0.5535, 0.6017, 0.2427, 0.5854, 0.5740, 0.5110],
        [0.5883, 0.7138, 0.1372, 0.6238, 0.3607, 0.3382, 0.5413, 0.4971],
        [0.5034, 0.7710, 0.2761, 0.0033, 0.5892, 0.0952, 0.2184, 0.6989],
        [0.6182, 0.3122, 0.0896, 0.1596, 0.0574, 0.9065, 0.8951, 0.0171],
        [0.1151, 0.6182, 0.4213, 0.2124, 0.4743, 0.2734, 0.9921, 0.9287]],
       dtype=torch.float64)
V=tensor([[54.9449, 69.0846, 71.7182, 51.1534, 71.8309, 61.3478, 64.5468, 49.7106],
        [ 1.7185,  3.2349,  2.4065,  2.4562,  5.0550,  2.4008,  3.8297,  2.8174],
        [ 1.7185,  3.2349,  2.4065,  2.4562,  5.0550,  2.4008,  3.8297,  2.8174],
        [ 1.7185,  3.2349,  2.4065,  2.4562,  5.0550,  2.4008,  3.8297,  2.8174],
        [ 7.4111,  9.3323,  8.0908,  7.0691,  9.7448,  7.5069,  7.5059,  6.8674]],
       dtype=torch.float64, grad_fn=<MmBackward0>) V.shape=torch.Size([5, 8]) self.W_v=tensor([[0.4771, 0.7317, 0.0576, 0.9432, 0.9486, 0.5513, 0.4101, 0.7596],
        [0.1079, 0.4531, 0.1762, 0.8590, 0.4101, 0.0046, 0.5489, 0.3399],
        [0.4035, 0.6980, 0.4398, 0.2253, 0.2283, 0.5055, 0.3547, 0.1605],
        [0.6428, 0.4947, 0.3211, 0.0070, 0.9626, 0.4930, 0.1573, 0.1466],
        [0.4337, 0.5801, 0.0415, 0.5750, 0.9796, 0.8258, 0.2627, 0.8009],
        [0.8512, 0.7802, 0.6454, 0.5386, 0.1792, 0.1877, 0.2942, 0.5359],
        [0.1093, 0.8584, 0.9864, 0.1241, 0.7169, 0.0822, 0.4824, 0.6482],
        [0.8485, 0.3716, 0.2252, 0.5579, 0.7592, 0.0820, 0.2454, 0.7402],
        [0.4686, 0.3573, 0.9693, 0.3870, 0.2020, 0.6892, 0.3514, 0.2458],
        [0.1752, 0.0981, 0.2589, 0.0731, 0.5745, 0.6247, 0.7559, 0.3685],
        [0.3979, 0.9075, 0.8795, 0.0108, 0.7215, 0.9119, 0.8867, 0.1758],
        [0.9790, 0.9240, 0.8681, 0.5926, 0.6049, 0.1070, 0.3841, 0.1247],
        [0.9284, 0.4158, 0.5685, 0.4974, 0.3686, 0.7431, 0.1817, 0.1600],
        [0.2541, 0.0690, 0.3611, 0.1814, 0.9477, 0.6948, 0.5803, 0.5864],
        [0.0111, 0.9819, 0.5165, 0.9790, 0.8677, 0.8973, 0.9010, 0.4158],
        [0.3229, 0.6110, 0.7758, 0.5179, 0.2733, 0.1066, 0.7092, 0.6586]],
       dtype=torch.float64)
score=tensor([[29638.6438,  1568.8345,  1568.8345,  1568.8345,  4068.8283],
        [ 1590.0832,    85.7729,    85.7729,    85.7729,   221.6211],
        [ 1590.0832,    85.7729,    85.7729,    85.7729,   221.6211],
        [ 1590.0832,    85.7729,    85.7729,    85.7729,   221.6211],
        [ 3791.5562,   201.2466,   201.2466,   201.2466,   520.8459]],
       dtype=torch.float64, grad_fn=<MmBackward0>) score.shape=torch.Size([5, 5])
Score masked: score=tensor([[10478.8430,       -inf,       -inf,       -inf,       -inf],
        [  562.1793,    30.3253,       -inf,       -inf,       -inf],
        [  562.1793,    30.3253,    30.3253,       -inf,       -inf],
        [  562.1793,    30.3253,    30.3253,    30.3253,       -inf],
        [ 1340.5175,    71.1514,    71.1514,    71.1514,   184.1468]],
       dtype=torch.float64, grad_fn=<MaskedFillBackward0>) mask=tensor([[1, 0, 0, 0, 0],
        [1, 1, 0, 0, 0],
        [1, 1, 1, 0, 0],
        [1, 1, 1, 1, 0],
        [1, 1, 1, 1, 1]], dtype=torch.int32)
soft_max_out=tensor([[ 1.0000e+00,  0.0000e+00,  0.0000e+00,  0.0000e+00,  0.0000e+00],
        [ 1.0000e+00, 1.0441e-231,  0.0000e+00,  0.0000e+00,  0.0000e+00],
        [ 1.0000e+00, 1.0441e-231, 1.0441e-231,  0.0000e+00,  0.0000e+00],
        [ 1.0000e+00, 1.0441e-231, 1.0441e-231, 1.0441e-231,  0.0000e+00],
        [ 1.0000e+00,  0.0000e+00,  0.0000e+00,  0.0000e+00,  0.0000e+00]],
       dtype=torch.float64, grad_fn=<SoftmaxBackward0>) soft_max_out.shape=torch.Size([5, 5])
Z=tensor([[54.9449, 69.0846, 71.7182, 51.1534, 71.8309, 61.3478, 64.5468, 49.7106],
        [54.9449, 69.0846, 71.7182, 51.1534, 71.8309, 61.3478, 64.5468, 49.7106],
        [54.9449, 69.0846, 71.7182, 51.1534, 71.8309, 61.3478, 64.5468, 49.7106],
        [54.9449, 69.0846, 71.7182, 51.1534, 71.8309, 61.3478, 64.5468, 49.7106],
        [54.9449, 69.0846, 71.7182, 51.1534, 71.8309, 61.3478, 64.5468, 49.7106]],
       dtype=torch.float64, grad_fn=<MmBackward0>) Z.shape=torch.Size([5, 8])
X_in=tensor([[ 0.0000,  1.0000,  2.0000,  3.0000,  4.0000,  5.0000,  6.0000,  7.0000,
          8.0000,  9.0000, 10.0000, 11.0000, 12.0000, 13.0000, 14.0000, 15.0000],
        [-1.1233,  2.4488, -0.4281,  0.6500,  1.2522,  0.2673,  0.3771,  0.7161,
         -0.2296,  0.6136,  1.1893,  0.6170, -1.0088,  1.1986,  0.3484, -0.3813],
        [-1.1233,  2.4488, -0.4281,  0.6500,  1.2522,  0.2673,  0.3771,  0.7161,
         -0.2296,  0.6136,  1.1893,  0.6170, -1.0088,  1.1986,  0.3484, -0.3813],
        [-1.1233,  2.4488, -0.4281,  0.6500,  1.2522,  0.2673,  0.3771,  0.7161,
         -0.2296,  0.6136,  1.1893,  0.6170, -1.0088,  1.1986,  0.3484, -0.3813],
        [ 1.0000,  1.0000,  1.0000,  1.0000,  1.0000,  1.0000,  1.0000,  1.0000,
          1.0000,  1.0000,  1.0000,  1.0000,  1.0000,  1.0000,  1.0000,  1.0000]],
       dtype=torch.float64, grad_fn=<SliceBackward0>)
Q=tensor([[63.1846, 56.3415, 78.5034, 54.7119, 81.4926, 60.7211, 61.2801, 69.6383],
        [ 4.6218,  2.9951,  4.2466,  2.3625,  4.9434,  3.6232,  3.2498,  2.2918],
        [ 4.6218,  2.9951,  4.2466,  2.3625,  4.9434,  3.6232,  3.2498,  2.2918],
        [ 4.6218,  2.9951,  4.2466,  2.3625,  4.9434,  3.6232,  3.2498,  2.2918],
        [ 7.9810,  6.9044,  9.5463,  7.2480, 10.8693,  7.9736,  8.1592,  8.6183]],
       dtype=torch.float64, grad_fn=<MmBackward0>) Q.shape=torch.Size([5, 8]) self.W_q=tensor([[0.0611, 0.2246, 0.2343, 0.1771, 0.5561, 0.1094, 0.4609, 0.7084],
        [0.5798, 0.4967, 0.5104, 0.3295, 0.7182, 0.3845, 0.0898, 0.1175],
        [0.6402, 0.1968, 0.5124, 0.7118, 0.9249, 0.9997, 0.8927, 0.8767],
        [0.8450, 0.1544, 0.1705, 0.9842, 0.8127, 0.4358, 0.4143, 0.4284],
        [0.7578, 0.9225, 0.9643, 0.1760, 0.9539, 0.3134, 0.4544, 0.2956],
        [0.1875, 0.2433, 0.3493, 0.4441, 0.4069, 0.2859, 0.8036, 0.3218],
        [0.3639, 0.2985, 0.6635, 0.2552, 0.4144, 0.8396, 0.7418, 0.2865],
        [0.7929, 0.5001, 0.8977, 0.1051, 0.5809, 0.9867, 0.1315, 0.2391],
        [0.3047, 0.5158, 0.4514, 0.4929, 0.5301, 0.2647, 0.1671, 0.5482],
        [0.2380, 0.5374, 0.4422, 0.6454, 0.5376, 0.2245, 0.6632, 0.8439],
        [0.0109, 0.2807, 0.9301, 0.5438, 0.8123, 0.7750, 0.7308, 0.9924],
        [0.7282, 0.2328, 0.9997, 0.5540, 0.4200, 0.5419, 0.8642, 0.4312],
        [0.1213, 0.8956, 0.8784, 0.9128, 0.9688, 0.4150, 0.4094, 0.6885],
        [0.6800, 0.6415, 0.4019, 0.4875, 0.9569, 0.5172, 0.9534, 0.8540],
        [0.9555, 0.0836, 0.1684, 0.1883, 0.9384, 0.3543, 0.2027, 0.5069],
        [0.7145, 0.6801, 0.9717, 0.2403, 0.3372, 0.5260, 0.1794, 0.4793]],
       dtype=torch.float64)
K=tensor([[57.7107, 59.4244, 49.3530, 49.7288, 47.0641, 65.8137, 62.2513, 63.2208],
        [ 3.3079,  3.1185,  2.3897,  3.1224,  2.2688,  4.5885,  3.1299,  2.4468],
        [ 3.3079,  3.1185,  2.3897,  3.1224,  2.2688,  4.5885,  3.1299,  2.4468],
        [ 3.3079,  3.1185,  2.3897,  3.1224,  2.2688,  4.5885,  3.1299,  2.4468],
        [ 8.8189,  6.3592,  7.8348,  6.8790,  7.3960,  9.4909,  7.2963,  7.6935]],
       dtype=torch.float64, grad_fn=<MmBackward0>) K.shape=torch.Size([5, 8]) tensor([[0.9176, 0.0969, 0.7088, 0.5403, 0.9133, 0.5257, 0.1204, 0.2669],
        [0.6928, 0.4623, 0.0821, 0.6830, 0.6197, 0.8080, 0.7328, 0.3664],
        [0.9414, 0.1970, 0.7579, 0.1139, 0.7440, 0.7068, 0.7945, 0.6953],
        [0.4236, 0.1344, 0.8726, 0.0248, 0.1871, 0.4442, 0.0288, 0.1701],
        [0.5530, 0.3270, 0.7248, 0.3561, 0.3695, 0.8486, 0.3875, 0.1408],
        [0.4006, 0.0171, 0.7371, 0.6248, 0.5112, 0.6141, 0.4584, 0.3932],
        [0.9174, 0.2641, 0.5383, 0.1304, 0.2692, 0.5418, 0.0513, 0.7104],
        [0.2190, 0.5117, 0.4089, 0.7485, 0.9291, 0.5215, 0.6378, 0.5737],
        [0.1116, 0.2890, 0.3665, 0.5505, 0.4982, 0.8949, 0.1929, 0.6126],
        [0.9573, 0.3505, 0.9706, 0.8580, 0.6232, 0.6595, 0.0853, 0.7083],
        [0.3387, 0.3283, 0.1897, 0.6480, 0.0071, 0.7271, 0.5857, 0.4027],
        [0.5211, 0.9657, 0.5535, 0.6017, 0.2427, 0.5854, 0.5740, 0.5110],
        [0.5883, 0.7138, 0.1372, 0.6238, 0.3607, 0.3382, 0.5413, 0.4971],
        [0.5034, 0.7710, 0.2761, 0.0033, 0.5892, 0.0952, 0.2184, 0.6989],
        [0.6182, 0.3122, 0.0896, 0.1596, 0.0574, 0.9065, 0.8951, 0.0171],
        [0.1151, 0.6182, 0.4213, 0.2124, 0.4743, 0.2734, 0.9921, 0.9287]],
       dtype=torch.float64)
V=tensor([[54.9449, 69.0846, 71.7182, 51.1534, 71.8309, 61.3478, 64.5468, 49.7106],
        [ 1.7185,  3.2349,  2.4065,  2.4562,  5.0550,  2.4008,  3.8297,  2.8174],
        [ 1.7185,  3.2349,  2.4065,  2.4562,  5.0550,  2.4008,  3.8297,  2.8174],
        [ 1.7185,  3.2349,  2.4065,  2.4562,  5.0550,  2.4008,  3.8297,  2.8174],
        [ 7.4111,  9.3323,  8.0908,  7.0691,  9.7448,  7.5069,  7.5059,  6.8674]],
       dtype=torch.float64, grad_fn=<MmBackward0>) V.shape=torch.Size([5, 8]) self.W_v=tensor([[0.4771, 0.7317, 0.0576, 0.9432, 0.9486, 0.5513, 0.4101, 0.7596],
        [0.1079, 0.4531, 0.1762, 0.8590, 0.4101, 0.0046, 0.5489, 0.3399],
        [0.4035, 0.6980, 0.4398, 0.2253, 0.2283, 0.5055, 0.3547, 0.1605],
        [0.6428, 0.4947, 0.3211, 0.0070, 0.9626, 0.4930, 0.1573, 0.1466],
        [0.4337, 0.5801, 0.0415, 0.5750, 0.9796, 0.8258, 0.2627, 0.8009],
        [0.8512, 0.7802, 0.6454, 0.5386, 0.1792, 0.1877, 0.2942, 0.5359],
        [0.1093, 0.8584, 0.9864, 0.1241, 0.7169, 0.0822, 0.4824, 0.6482],
        [0.8485, 0.3716, 0.2252, 0.5579, 0.7592, 0.0820, 0.2454, 0.7402],
        [0.4686, 0.3573, 0.9693, 0.3870, 0.2020, 0.6892, 0.3514, 0.2458],
        [0.1752, 0.0981, 0.2589, 0.0731, 0.5745, 0.6247, 0.7559, 0.3685],
        [0.3979, 0.9075, 0.8795, 0.0108, 0.7215, 0.9119, 0.8867, 0.1758],
        [0.9790, 0.9240, 0.8681, 0.5926, 0.6049, 0.1070, 0.3841, 0.1247],
        [0.9284, 0.4158, 0.5685, 0.4974, 0.3686, 0.7431, 0.1817, 0.1600],
        [0.2541, 0.0690, 0.3611, 0.1814, 0.9477, 0.6948, 0.5803, 0.5864],
        [0.0111, 0.9819, 0.5165, 0.9790, 0.8677, 0.8973, 0.9010, 0.4158],
        [0.3229, 0.6110, 0.7758, 0.5179, 0.2733, 0.1066, 0.7092, 0.6586]],
       dtype=torch.float64)
score=tensor([[29638.6438,  1568.8345,  1568.8345,  1568.8345,  4068.8283],
        [ 1590.0832,    85.7729,    85.7729,    85.7729,   221.6211],
        [ 1590.0832,    85.7729,    85.7729,    85.7729,   221.6211],
        [ 1590.0832,    85.7729,    85.7729,    85.7729,   221.6211],
        [ 3791.5562,   201.2466,   201.2466,   201.2466,   520.8459]],
       dtype=torch.float64, grad_fn=<MmBackward0>) score.shape=torch.Size([5, 5])
Score masked: score=tensor([[10478.8430,       -inf,       -inf,       -inf,       -inf],
        [  562.1793,    30.3253,       -inf,       -inf,       -inf],
        [  562.1793,    30.3253,    30.3253,       -inf,       -inf],
        [  562.1793,    30.3253,    30.3253,    30.3253,       -inf],
        [ 1340.5175,    71.1514,    71.1514,    71.1514,   184.1468]],
       dtype=torch.float64, grad_fn=<MaskedFillBackward0>) mask=tensor([[1, 0, 0, 0, 0],
        [1, 1, 0, 0, 0],
        [1, 1, 1, 0, 0],
        [1, 1, 1, 1, 0],
        [1, 1, 1, 1, 1]], dtype=torch.int32)
soft_max_out=tensor([[ 1.0000e+00,  0.0000e+00,  0.0000e+00,  0.0000e+00,  0.0000e+00],
        [ 1.0000e+00, 1.0441e-231,  0.0000e+00,  0.0000e+00,  0.0000e+00],
        [ 1.0000e+00, 1.0441e-231, 1.0441e-231,  0.0000e+00,  0.0000e+00],
        [ 1.0000e+00, 1.0441e-231, 1.0441e-231, 1.0441e-231,  0.0000e+00],
        [ 1.0000e+00,  0.0000e+00,  0.0000e+00,  0.0000e+00,  0.0000e+00]],
       dtype=torch.float64, grad_fn=<SoftmaxBackward0>) soft_max_out.shape=torch.Size([5, 5])
Z=tensor([[54.9449, 69.0846, 71.7182, 51.1534, 71.8309, 61.3478, 64.5468, 49.7106],
        [54.9449, 69.0846, 71.7182, 51.1534, 71.8309, 61.3478, 64.5468, 49.7106],
        [54.9449, 69.0846, 71.7182, 51.1534, 71.8309, 61.3478, 64.5468, 49.7106],
        [54.9449, 69.0846, 71.7182, 51.1534, 71.8309, 61.3478, 64.5468, 49.7106],
        [54.9449, 69.0846, 71.7182, 51.1534, 71.8309, 61.3478, 64.5468, 49.7106]],
       dtype=torch.float64, grad_fn=<MmBackward0>) Z.shape=torch.Size([5, 8])
head=tensor([[54.9449, 69.0846, 71.7182, 51.1534, 71.8309, 61.3478, 64.5468, 49.7106,
         54.9449, 69.0846, 71.7182, 51.1534, 71.8309, 61.3478, 64.5468, 49.7106],
        [54.9449, 69.0846, 71.7182, 51.1534, 71.8309, 61.3478, 64.5468, 49.7106,
         54.9449, 69.0846, 71.7182, 51.1534, 71.8309, 61.3478, 64.5468, 49.7106],
        [54.9449, 69.0846, 71.7182, 51.1534, 71.8309, 61.3478, 64.5468, 49.7106,
         54.9449, 69.0846, 71.7182, 51.1534, 71.8309, 61.3478, 64.5468, 49.7106],
        [54.9449, 69.0846, 71.7182, 51.1534, 71.8309, 61.3478, 64.5468, 49.7106,
         54.9449, 69.0846, 71.7182, 51.1534, 71.8309, 61.3478, 64.5468, 49.7106],
        [54.9449, 69.0846, 71.7182, 51.1534, 71.8309, 61.3478, 64.5468, 49.7106,
         54.9449, 69.0846, 71.7182, 51.1534, 71.8309, 61.3478, 64.5468, 49.7106]],
       dtype=torch.float64, grad_fn=<CatBackward0>)
head.shape=torch.Size([5, 16]) self.W_multi_head.shape=torch.Size([16, 16])
multi_head_out=tensor([[324.1462, 384.5707, 492.1061, 543.9153, 568.3734, 385.3410, 280.0153,
         537.6216, 605.6113, 495.4612, 538.8712, 482.9354, 482.0602, 408.1026,
         501.8579, 357.3585],
        [324.1462, 384.5707, 492.1061, 543.9153, 568.3734, 385.3410, 280.0153,
         537.6216, 605.6113, 495.4612, 538.8712, 482.9354, 482.0602, 408.1026,
         501.8579, 357.3585],
        [324.1462, 384.5707, 492.1061, 543.9153, 568.3734, 385.3410, 280.0153,
         537.6216, 605.6113, 495.4612, 538.8712, 482.9354, 482.0602, 408.1026,
         501.8579, 357.3585],
        [324.1462, 384.5707, 492.1061, 543.9153, 568.3734, 385.3410, 280.0153,
         537.6216, 605.6113, 495.4612, 538.8712, 482.9354, 482.0602, 408.1026,
         501.8579, 357.3585],
        [324.1462, 384.5707, 492.1061, 543.9153, 568.3734, 385.3410, 280.0153,
         537.6216, 605.6113, 495.4612, 538.8712, 482.9354, 482.0602, 408.1026,
         501.8579, 357.3585]], dtype=torch.float64, grad_fn=<MmBackward0>) X_in=tensor([[ 0.0000,  1.0000,  2.0000,  3.0000,  4.0000,  5.0000,  6.0000,  7.0000,
          8.0000,  9.0000, 10.0000, 11.0000, 12.0000, 13.0000, 14.0000, 15.0000],
        [-1.1233,  2.4488, -0.4281,  0.6500,  1.2522,  0.2673,  0.3771,  0.7161,
         -0.2296,  0.6136,  1.1893,  0.6170, -1.0088,  1.1986,  0.3484, -0.3813],
        [-1.1233,  2.4488, -0.4281,  0.6500,  1.2522,  0.2673,  0.3771,  0.7161,
         -0.2296,  0.6136,  1.1893,  0.6170, -1.0088,  1.1986,  0.3484, -0.3813],
        [-1.1233,  2.4488, -0.4281,  0.6500,  1.2522,  0.2673,  0.3771,  0.7161,
         -0.2296,  0.6136,  1.1893,  0.6170, -1.0088,  1.1986,  0.3484, -0.3813],
        [ 1.0000,  1.0000,  1.0000,  1.0000,  1.0000,  1.0000,  1.0000,  1.0000,
          1.0000,  1.0000,  1.0000,  1.0000,  1.0000,  1.0000,  1.0000,  1.0000]],
       dtype=torch.float64, grad_fn=<SliceBackward0>)
X_in=tensor([[-1.5838, -0.9134,  0.2710,  0.8473,  1.1252, -0.8614, -1.9999,  0.8223,
          1.5752,  0.3840,  0.8687,  0.2692,  0.2705, -0.5257,  0.5084, -1.0576],
        [-1.5267, -0.8246,  0.3236,  0.9039,  1.1788, -0.8401, -1.9944,  0.8356,
          1.5711,  0.3719,  0.8545,  0.2345,  0.2071, -0.5801,  0.4392, -1.1542],
        [-1.5267, -0.8246,  0.3236,  0.9039,  1.1788, -0.8401, -1.9944,  0.8356,
          1.5711,  0.3719,  0.8545,  0.2345,  0.2071, -0.5801,  0.4392, -1.1542],
        [-1.5267, -0.8246,  0.3236,  0.9039,  1.1788, -0.8401, -1.9944,  0.8356,
          1.5711,  0.3719,  0.8545,  0.2345,  0.2071, -0.5801,  0.4392, -1.1542],
        [-1.5119, -0.8481,  0.3332,  0.9024,  1.1711, -0.8396, -1.9967,  0.8332,
          1.5801,  0.3701,  0.8470,  0.2325,  0.2229, -0.5896,  0.4404, -1.1470]],
       dtype=torch.float64, grad_fn=<NativeLayerNormBackward0>)
Q=tensor([[ 1.0607,  0.5712,  0.6838,  1.3151,  1.5139,  0.1407, -0.8671,  0.7044],
        [ 1.0450,  0.5263,  0.6157,  1.3118,  1.5280,  0.1355, -0.8734,  0.6400],
        [ 1.0450,  0.5263,  0.6157,  1.3118,  1.5280,  0.1355, -0.8734,  0.6400],
        [ 1.0450,  0.5263,  0.6157,  1.3118,  1.5280,  0.1355, -0.8734,  0.6400],
        [ 1.0312,  0.5249,  0.6125,  1.3200,  1.5243,  0.1315, -0.8738,  0.6541]],
       dtype=torch.float64, grad_fn=<MmBackward0>) Q.shape=torch.Size([5, 8]) self.W_q=tensor([[0.0611, 0.2246, 0.2343, 0.1771, 0.5561, 0.1094, 0.4609, 0.7084],
        [0.5798, 0.4967, 0.5104, 0.3295, 0.7182, 0.3845, 0.0898, 0.1175],
        [0.6402, 0.1968, 0.5124, 0.7118, 0.9249, 0.9997, 0.8927, 0.8767],
        [0.8450, 0.1544, 0.1705, 0.9842, 0.8127, 0.4358, 0.4143, 0.4284],
        [0.7578, 0.9225, 0.9643, 0.1760, 0.9539, 0.3134, 0.4544, 0.2956],
        [0.1875, 0.2433, 0.3493, 0.4441, 0.4069, 0.2859, 0.8036, 0.3218],
        [0.3639, 0.2985, 0.6635, 0.2552, 0.4144, 0.8396, 0.7418, 0.2865],
        [0.7929, 0.5001, 0.8977, 0.1051, 0.5809, 0.9867, 0.1315, 0.2391],
        [0.3047, 0.5158, 0.4514, 0.4929, 0.5301, 0.2647, 0.1671, 0.5482],
        [0.2380, 0.5374, 0.4422, 0.6454, 0.5376, 0.2245, 0.6632, 0.8439],
        [0.0109, 0.2807, 0.9301, 0.5438, 0.8123, 0.7750, 0.7308, 0.9924],
        [0.7282, 0.2328, 0.9997, 0.5540, 0.4200, 0.5419, 0.8642, 0.4312],
        [0.1213, 0.8956, 0.8784, 0.9128, 0.9688, 0.4150, 0.4094, 0.6885],
        [0.6800, 0.6415, 0.4019, 0.4875, 0.9569, 0.5172, 0.9534, 0.8540],
        [0.9555, 0.0836, 0.1684, 0.1883, 0.9384, 0.3543, 0.2027, 0.5069],
        [0.7145, 0.6801, 0.9717, 0.2403, 0.3372, 0.5260, 0.1794, 0.4793]],
       dtype=torch.float64)
K=tensor([[-1.6796,  0.1619, -0.1320,  0.9981, -0.8720,  1.4816,  0.4028, -1.1934],
        [-1.6766,  0.1709, -0.1244,  0.9849, -0.8756,  1.4843,  0.4033, -1.1954],
        [-1.6752,  0.1649, -0.1393,  0.9982, -0.8745,  1.4912,  0.4133, -1.1940],
        [-1.6463,  0.1992, -0.1200,  0.9416, -0.8848,  1.5019,  0.5090, -1.1946],
        [-1.5511,  0.2503, -0.0917,  0.8052, -0.9162,  1.5223,  0.7359, -1.1856],
        [-1.6851,  0.1829, -0.1396,  1.0076, -0.8645,  1.4766,  0.4123, -1.1755],
        [-1.6675,  0.1831, -0.1400,  0.9880, -0.8789,  1.4925,  0.4191, -1.1841]],
       dtype=torch.float64, grad_fn=<MmBackward0>) K.shape=torch.Size([7, 8]) tensor([[0.9176, 0.0969, 0.7088, 0.5403, 0.9133, 0.5257, 0.1204, 0.2669],
        [0.6928, 0.4623, 0.0821, 0.6830, 0.6197, 0.8080, 0.7328, 0.3664],
        [0.9414, 0.1970, 0.7579, 0.1139, 0.7440, 0.7068, 0.7945, 0.6953],
        [0.4236, 0.1344, 0.8726, 0.0248, 0.1871, 0.4442, 0.0288, 0.1701],
        [0.5530, 0.3270, 0.7248, 0.3561, 0.3695, 0.8486, 0.3875, 0.1408],
        [0.4006, 0.0171, 0.7371, 0.6248, 0.5112, 0.6141, 0.4584, 0.3932],
        [0.9174, 0.2641, 0.5383, 0.1304, 0.2692, 0.5418, 0.0513, 0.7104],
        [0.2190, 0.5117, 0.4089, 0.7485, 0.9291, 0.5215, 0.6378, 0.5737],
        [0.1116, 0.2890, 0.3665, 0.5505, 0.4982, 0.8949, 0.1929, 0.6126],
        [0.9573, 0.3505, 0.9706, 0.8580, 0.6232, 0.6595, 0.0853, 0.7083],
        [0.3387, 0.3283, 0.1897, 0.6480, 0.0071, 0.7271, 0.5857, 0.4027],
        [0.5211, 0.9657, 0.5535, 0.6017, 0.2427, 0.5854, 0.5740, 0.5110],
        [0.5883, 0.7138, 0.1372, 0.6238, 0.3607, 0.3382, 0.5413, 0.4971],
        [0.5034, 0.7710, 0.2761, 0.0033, 0.5892, 0.0952, 0.2184, 0.6989],
        [0.6182, 0.3122, 0.0896, 0.1596, 0.0574, 0.9065, 0.8951, 0.0171],
        [0.1151, 0.6182, 0.4213, 0.2124, 0.4743, 0.2734, 0.9921, 0.9287]],
       dtype=torch.float64)
V=tensor([[ 1.3226, -0.9283, -0.4366, -0.9348,  0.0548,  2.5034, -0.4848, -1.7946],
        [ 1.3255, -0.9173, -0.4344, -0.9317,  0.0644,  2.4976, -0.4901, -1.7927],
        [ 1.3080, -0.9191, -0.4322, -0.9298,  0.0563,  2.4958, -0.4695, -1.7992],
        [ 1.3279, -0.8600, -0.4126, -0.8602,  0.0315,  2.4558, -0.4728, -1.7753],
        [ 1.3327, -0.6981, -0.3379, -0.6953, -0.0400,  2.3509, -0.4431, -1.7141],
        [ 1.3290, -0.9346, -0.4285, -0.9389,  0.0436,  2.4920, -0.4843, -1.7971],
        [ 1.3106, -0.9135, -0.4181, -0.9280,  0.0471,  2.5027, -0.4741, -1.8083]],
       dtype=torch.float64, grad_fn=<MmBackward0>) V.shape=torch.Size([7, 8]) self.W_v=tensor([[0.4771, 0.7317, 0.0576, 0.9432, 0.9486, 0.5513, 0.4101, 0.7596],
        [0.1079, 0.4531, 0.1762, 0.8590, 0.4101, 0.0046, 0.5489, 0.3399],
        [0.4035, 0.6980, 0.4398, 0.2253, 0.2283, 0.5055, 0.3547, 0.1605],
        [0.6428, 0.4947, 0.3211, 0.0070, 0.9626, 0.4930, 0.1573, 0.1466],
        [0.4337, 0.5801, 0.0415, 0.5750, 0.9796, 0.8258, 0.2627, 0.8009],
        [0.8512, 0.7802, 0.6454, 0.5386, 0.1792, 0.1877, 0.2942, 0.5359],
        [0.1093, 0.8584, 0.9864, 0.1241, 0.7169, 0.0822, 0.4824, 0.6482],
        [0.8485, 0.3716, 0.2252, 0.5579, 0.7592, 0.0820, 0.2454, 0.7402],
        [0.4686, 0.3573, 0.9693, 0.3870, 0.2020, 0.6892, 0.3514, 0.2458],
        [0.1752, 0.0981, 0.2589, 0.0731, 0.5745, 0.6247, 0.7559, 0.3685],
        [0.3979, 0.9075, 0.8795, 0.0108, 0.7215, 0.9119, 0.8867, 0.1758],
        [0.9790, 0.9240, 0.8681, 0.5926, 0.6049, 0.1070, 0.3841, 0.1247],
        [0.9284, 0.4158, 0.5685, 0.4974, 0.3686, 0.7431, 0.1817, 0.1600],
        [0.2541, 0.0690, 0.3611, 0.1814, 0.9477, 0.6948, 0.5803, 0.5864],
        [0.0111, 0.9819, 0.5165, 0.9790, 0.8677, 0.8973, 0.9010, 0.4158],
        [0.3229, 0.6110, 0.7758, 0.5179, 0.2733, 0.1066, 0.7092, 0.6586]],
       dtype=torch.float64)
score=tensor([[-2.7685, -2.7792, -2.7787, -2.8874, -3.1521, -2.7399, -2.7787],
        [-2.6892, -2.7007, -2.6992, -2.8118, -3.0843, -2.6620, -2.7008],
        [-2.6892, -2.7007, -2.6992, -2.8118, -3.0843, -2.6620, -2.7008],
        [-2.6892, -2.7007, -2.6992, -2.8118, -3.0843, -2.6620, -2.7008],
        [-2.6775, -2.6892, -2.6876, -2.8012, -3.0762, -2.6499, -2.6892]],
       dtype=torch.float64, grad_fn=<MmBackward0>) score.shape=torch.Size([5, 7])
soft_max_out=tensor([[0.1464, 0.1458, 0.1459, 0.1404, 0.1278, 0.1479, 0.1459],
        [0.1465, 0.1459, 0.1460, 0.1403, 0.1274, 0.1479, 0.1459],
        [0.1465, 0.1459, 0.1460, 0.1403, 0.1274, 0.1479, 0.1459],
        [0.1465, 0.1459, 0.1460, 0.1403, 0.1274, 0.1479, 0.1459],
        [0.1465, 0.1459, 0.1460, 0.1403, 0.1273, 0.1480, 0.1459]],
       dtype=torch.float64, grad_fn=<SoftmaxBackward0>) soft_max_out.shape=torch.Size([5, 7])
Z=tensor([[ 1.3221, -0.8851, -0.4157, -0.8921,  0.0383,  2.4735, -0.4747, -1.7844],
        [ 1.3221, -0.8852, -0.4158, -0.8923,  0.0383,  2.4735, -0.4747, -1.7844],
        [ 1.3221, -0.8852, -0.4158, -0.8923,  0.0383,  2.4735, -0.4747, -1.7844],
        [ 1.3221, -0.8852, -0.4158, -0.8923,  0.0383,  2.4735, -0.4747, -1.7844],
        [ 1.3221, -0.8852, -0.4158, -0.8923,  0.0383,  2.4736, -0.4747, -1.7844]],
       dtype=torch.float64, grad_fn=<MmBackward0>) Z.shape=torch.Size([5, 8])
X_in=tensor([[-1.5838, -0.9134,  0.2710,  0.8473,  1.1252, -0.8614, -1.9999,  0.8223,
          1.5752,  0.3840,  0.8687,  0.2692,  0.2705, -0.5257,  0.5084, -1.0576],
        [-1.5267, -0.8246,  0.3236,  0.9039,  1.1788, -0.8401, -1.9944,  0.8356,
          1.5711,  0.3719,  0.8545,  0.2345,  0.2071, -0.5801,  0.4392, -1.1542],
        [-1.5267, -0.8246,  0.3236,  0.9039,  1.1788, -0.8401, -1.9944,  0.8356,
          1.5711,  0.3719,  0.8545,  0.2345,  0.2071, -0.5801,  0.4392, -1.1542],
        [-1.5267, -0.8246,  0.3236,  0.9039,  1.1788, -0.8401, -1.9944,  0.8356,
          1.5711,  0.3719,  0.8545,  0.2345,  0.2071, -0.5801,  0.4392, -1.1542],
        [-1.5119, -0.8481,  0.3332,  0.9024,  1.1711, -0.8396, -1.9967,  0.8332,
          1.5801,  0.3701,  0.8470,  0.2325,  0.2229, -0.5896,  0.4404, -1.1470]],
       dtype=torch.float64, grad_fn=<NativeLayerNormBackward0>)
Q=tensor([[ 1.0607,  0.5712,  0.6838,  1.3151,  1.5139,  0.1407, -0.8671,  0.7044],
        [ 1.0450,  0.5263,  0.6157,  1.3118,  1.5280,  0.1355, -0.8734,  0.6400],
        [ 1.0450,  0.5263,  0.6157,  1.3118,  1.5280,  0.1355, -0.8734,  0.6400],
        [ 1.0450,  0.5263,  0.6157,  1.3118,  1.5280,  0.1355, -0.8734,  0.6400],
        [ 1.0312,  0.5249,  0.6125,  1.3200,  1.5243,  0.1315, -0.8738,  0.6541]],
       dtype=torch.float64, grad_fn=<MmBackward0>) Q.shape=torch.Size([5, 8]) self.W_q=tensor([[0.0611, 0.2246, 0.2343, 0.1771, 0.5561, 0.1094, 0.4609, 0.7084],
        [0.5798, 0.4967, 0.5104, 0.3295, 0.7182, 0.3845, 0.0898, 0.1175],
        [0.6402, 0.1968, 0.5124, 0.7118, 0.9249, 0.9997, 0.8927, 0.8767],
        [0.8450, 0.1544, 0.1705, 0.9842, 0.8127, 0.4358, 0.4143, 0.4284],
        [0.7578, 0.9225, 0.9643, 0.1760, 0.9539, 0.3134, 0.4544, 0.2956],
        [0.1875, 0.2433, 0.3493, 0.4441, 0.4069, 0.2859, 0.8036, 0.3218],
        [0.3639, 0.2985, 0.6635, 0.2552, 0.4144, 0.8396, 0.7418, 0.2865],
        [0.7929, 0.5001, 0.8977, 0.1051, 0.5809, 0.9867, 0.1315, 0.2391],
        [0.3047, 0.5158, 0.4514, 0.4929, 0.5301, 0.2647, 0.1671, 0.5482],
        [0.2380, 0.5374, 0.4422, 0.6454, 0.5376, 0.2245, 0.6632, 0.8439],
        [0.0109, 0.2807, 0.9301, 0.5438, 0.8123, 0.7750, 0.7308, 0.9924],
        [0.7282, 0.2328, 0.9997, 0.5540, 0.4200, 0.5419, 0.8642, 0.4312],
        [0.1213, 0.8956, 0.8784, 0.9128, 0.9688, 0.4150, 0.4094, 0.6885],
        [0.6800, 0.6415, 0.4019, 0.4875, 0.9569, 0.5172, 0.9534, 0.8540],
        [0.9555, 0.0836, 0.1684, 0.1883, 0.9384, 0.3543, 0.2027, 0.5069],
        [0.7145, 0.6801, 0.9717, 0.2403, 0.3372, 0.5260, 0.1794, 0.4793]],
       dtype=torch.float64)
K=tensor([[-1.6796,  0.1619, -0.1320,  0.9981, -0.8720,  1.4816,  0.4028, -1.1934],
        [-1.6766,  0.1709, -0.1244,  0.9849, -0.8756,  1.4843,  0.4033, -1.1954],
        [-1.6752,  0.1649, -0.1393,  0.9982, -0.8745,  1.4912,  0.4133, -1.1940],
        [-1.6463,  0.1992, -0.1200,  0.9416, -0.8848,  1.5019,  0.5090, -1.1946],
        [-1.5511,  0.2503, -0.0917,  0.8052, -0.9162,  1.5223,  0.7359, -1.1856],
        [-1.6851,  0.1829, -0.1396,  1.0076, -0.8645,  1.4766,  0.4123, -1.1755],
        [-1.6675,  0.1831, -0.1400,  0.9880, -0.8789,  1.4925,  0.4191, -1.1841]],
       dtype=torch.float64, grad_fn=<MmBackward0>) K.shape=torch.Size([7, 8]) tensor([[0.9176, 0.0969, 0.7088, 0.5403, 0.9133, 0.5257, 0.1204, 0.2669],
        [0.6928, 0.4623, 0.0821, 0.6830, 0.6197, 0.8080, 0.7328, 0.3664],
        [0.9414, 0.1970, 0.7579, 0.1139, 0.7440, 0.7068, 0.7945, 0.6953],
        [0.4236, 0.1344, 0.8726, 0.0248, 0.1871, 0.4442, 0.0288, 0.1701],
        [0.5530, 0.3270, 0.7248, 0.3561, 0.3695, 0.8486, 0.3875, 0.1408],
        [0.4006, 0.0171, 0.7371, 0.6248, 0.5112, 0.6141, 0.4584, 0.3932],
        [0.9174, 0.2641, 0.5383, 0.1304, 0.2692, 0.5418, 0.0513, 0.7104],
        [0.2190, 0.5117, 0.4089, 0.7485, 0.9291, 0.5215, 0.6378, 0.5737],
        [0.1116, 0.2890, 0.3665, 0.5505, 0.4982, 0.8949, 0.1929, 0.6126],
        [0.9573, 0.3505, 0.9706, 0.8580, 0.6232, 0.6595, 0.0853, 0.7083],
        [0.3387, 0.3283, 0.1897, 0.6480, 0.0071, 0.7271, 0.5857, 0.4027],
        [0.5211, 0.9657, 0.5535, 0.6017, 0.2427, 0.5854, 0.5740, 0.5110],
        [0.5883, 0.7138, 0.1372, 0.6238, 0.3607, 0.3382, 0.5413, 0.4971],
        [0.5034, 0.7710, 0.2761, 0.0033, 0.5892, 0.0952, 0.2184, 0.6989],
        [0.6182, 0.3122, 0.0896, 0.1596, 0.0574, 0.9065, 0.8951, 0.0171],
        [0.1151, 0.6182, 0.4213, 0.2124, 0.4743, 0.2734, 0.9921, 0.9287]],
       dtype=torch.float64)
V=tensor([[ 1.3226, -0.9283, -0.4366, -0.9348,  0.0548,  2.5034, -0.4848, -1.7946],
        [ 1.3255, -0.9173, -0.4344, -0.9317,  0.0644,  2.4976, -0.4901, -1.7927],
        [ 1.3080, -0.9191, -0.4322, -0.9298,  0.0563,  2.4958, -0.4695, -1.7992],
        [ 1.3279, -0.8600, -0.4126, -0.8602,  0.0315,  2.4558, -0.4728, -1.7753],
        [ 1.3327, -0.6981, -0.3379, -0.6953, -0.0400,  2.3509, -0.4431, -1.7141],
        [ 1.3290, -0.9346, -0.4285, -0.9389,  0.0436,  2.4920, -0.4843, -1.7971],
        [ 1.3106, -0.9135, -0.4181, -0.9280,  0.0471,  2.5027, -0.4741, -1.8083]],
       dtype=torch.float64, grad_fn=<MmBackward0>) V.shape=torch.Size([7, 8]) self.W_v=tensor([[0.4771, 0.7317, 0.0576, 0.9432, 0.9486, 0.5513, 0.4101, 0.7596],
        [0.1079, 0.4531, 0.1762, 0.8590, 0.4101, 0.0046, 0.5489, 0.3399],
        [0.4035, 0.6980, 0.4398, 0.2253, 0.2283, 0.5055, 0.3547, 0.1605],
        [0.6428, 0.4947, 0.3211, 0.0070, 0.9626, 0.4930, 0.1573, 0.1466],
        [0.4337, 0.5801, 0.0415, 0.5750, 0.9796, 0.8258, 0.2627, 0.8009],
        [0.8512, 0.7802, 0.6454, 0.5386, 0.1792, 0.1877, 0.2942, 0.5359],
        [0.1093, 0.8584, 0.9864, 0.1241, 0.7169, 0.0822, 0.4824, 0.6482],
        [0.8485, 0.3716, 0.2252, 0.5579, 0.7592, 0.0820, 0.2454, 0.7402],
        [0.4686, 0.3573, 0.9693, 0.3870, 0.2020, 0.6892, 0.3514, 0.2458],
        [0.1752, 0.0981, 0.2589, 0.0731, 0.5745, 0.6247, 0.7559, 0.3685],
        [0.3979, 0.9075, 0.8795, 0.0108, 0.7215, 0.9119, 0.8867, 0.1758],
        [0.9790, 0.9240, 0.8681, 0.5926, 0.6049, 0.1070, 0.3841, 0.1247],
        [0.9284, 0.4158, 0.5685, 0.4974, 0.3686, 0.7431, 0.1817, 0.1600],
        [0.2541, 0.0690, 0.3611, 0.1814, 0.9477, 0.6948, 0.5803, 0.5864],
        [0.0111, 0.9819, 0.5165, 0.9790, 0.8677, 0.8973, 0.9010, 0.4158],
        [0.3229, 0.6110, 0.7758, 0.5179, 0.2733, 0.1066, 0.7092, 0.6586]],
       dtype=torch.float64)
score=tensor([[-2.7685, -2.7792, -2.7787, -2.8874, -3.1521, -2.7399, -2.7787],
        [-2.6892, -2.7007, -2.6992, -2.8118, -3.0843, -2.6620, -2.7008],
        [-2.6892, -2.7007, -2.6992, -2.8118, -3.0843, -2.6620, -2.7008],
        [-2.6892, -2.7007, -2.6992, -2.8118, -3.0843, -2.6620, -2.7008],
        [-2.6775, -2.6892, -2.6876, -2.8012, -3.0762, -2.6499, -2.6892]],
       dtype=torch.float64, grad_fn=<MmBackward0>) score.shape=torch.Size([5, 7])
soft_max_out=tensor([[0.1464, 0.1458, 0.1459, 0.1404, 0.1278, 0.1479, 0.1459],
        [0.1465, 0.1459, 0.1460, 0.1403, 0.1274, 0.1479, 0.1459],
        [0.1465, 0.1459, 0.1460, 0.1403, 0.1274, 0.1479, 0.1459],
        [0.1465, 0.1459, 0.1460, 0.1403, 0.1274, 0.1479, 0.1459],
        [0.1465, 0.1459, 0.1460, 0.1403, 0.1273, 0.1480, 0.1459]],
       dtype=torch.float64, grad_fn=<SoftmaxBackward0>) soft_max_out.shape=torch.Size([5, 7])
Z=tensor([[ 1.3221, -0.8851, -0.4157, -0.8921,  0.0383,  2.4735, -0.4747, -1.7844],
        [ 1.3221, -0.8852, -0.4158, -0.8923,  0.0383,  2.4735, -0.4747, -1.7844],
        [ 1.3221, -0.8852, -0.4158, -0.8923,  0.0383,  2.4735, -0.4747, -1.7844],
        [ 1.3221, -0.8852, -0.4158, -0.8923,  0.0383,  2.4735, -0.4747, -1.7844],
        [ 1.3221, -0.8852, -0.4158, -0.8923,  0.0383,  2.4736, -0.4747, -1.7844]],
       dtype=torch.float64, grad_fn=<MmBackward0>) Z.shape=torch.Size([5, 8])
head=tensor([[ 1.3221, -0.8851, -0.4157, -0.8921,  0.0383,  2.4735, -0.4747, -1.7844,
          1.3221, -0.8851, -0.4157, -0.8921,  0.0383,  2.4735, -0.4747, -1.7844],
        [ 1.3221, -0.8852, -0.4158, -0.8923,  0.0383,  2.4735, -0.4747, -1.7844,
          1.3221, -0.8852, -0.4158, -0.8923,  0.0383,  2.4735, -0.4747, -1.7844],
        [ 1.3221, -0.8852, -0.4158, -0.8923,  0.0383,  2.4735, -0.4747, -1.7844,
          1.3221, -0.8852, -0.4158, -0.8923,  0.0383,  2.4735, -0.4747, -1.7844],
        [ 1.3221, -0.8852, -0.4158, -0.8923,  0.0383,  2.4735, -0.4747, -1.7844,
          1.3221, -0.8852, -0.4158, -0.8923,  0.0383,  2.4735, -0.4747, -1.7844],
        [ 1.3221, -0.8852, -0.4158, -0.8923,  0.0383,  2.4736, -0.4747, -1.7844,
          1.3221, -0.8852, -0.4158, -0.8923,  0.0383,  2.4736, -0.4747, -1.7844]],
       dtype=torch.float64, grad_fn=<CatBackward0>)
head.shape=torch.Size([5, 16]) self.W_multi_head.shape=torch.Size([16, 16])
multi_head_out=tensor([[ 1.0369, -3.5299, -0.7717,  0.9163,  3.4306, -2.9390, -0.1173, -2.0728,
          0.2963,  2.3451, -1.3097, -1.6590, -0.2611, -2.7148, -1.0896, -0.1782],
        [ 1.0369, -3.5300, -0.7720,  0.9162,  3.4305, -2.9393, -0.1174, -2.0731,
          0.2962,  2.3451, -1.3098, -1.6592, -0.2612, -2.7150, -1.0899, -0.1782],
        [ 1.0369, -3.5300, -0.7720,  0.9162,  3.4305, -2.9393, -0.1174, -2.0731,
          0.2962,  2.3451, -1.3098, -1.6592, -0.2612, -2.7150, -1.0899, -0.1782],
        [ 1.0369, -3.5300, -0.7720,  0.9162,  3.4305, -2.9393, -0.1174, -2.0731,
          0.2962,  2.3451, -1.3098, -1.6592, -0.2612, -2.7150, -1.0899, -0.1782],
        [ 1.0369, -3.5301, -0.7721,  0.9162,  3.4305, -2.9394, -0.1175, -2.0732,
          0.2961,  2.3451, -1.3098, -1.6593, -0.2612, -2.7150, -1.0899, -0.1782]],
       dtype=torch.float64, grad_fn=<MmBackward0>) X_in=tensor([[-1.5838, -0.9134,  0.2710,  0.8473,  1.1252, -0.8614, -1.9999,  0.8223,
          1.5752,  0.3840,  0.8687,  0.2692,  0.2705, -0.5257,  0.5084, -1.0576],
        [-1.5267, -0.8246,  0.3236,  0.9039,  1.1788, -0.8401, -1.9944,  0.8356,
          1.5711,  0.3719,  0.8545,  0.2345,  0.2071, -0.5801,  0.4392, -1.1542],
        [-1.5267, -0.8246,  0.3236,  0.9039,  1.1788, -0.8401, -1.9944,  0.8356,
          1.5711,  0.3719,  0.8545,  0.2345,  0.2071, -0.5801,  0.4392, -1.1542],
        [-1.5267, -0.8246,  0.3236,  0.9039,  1.1788, -0.8401, -1.9944,  0.8356,
          1.5711,  0.3719,  0.8545,  0.2345,  0.2071, -0.5801,  0.4392, -1.1542],
        [-1.5119, -0.8481,  0.3332,  0.9024,  1.1711, -0.8396, -1.9967,  0.8332,
          1.5801,  0.3701,  0.8470,  0.2325,  0.2229, -0.5896,  0.4404, -1.1470]],
       dtype=torch.float64, grad_fn=<NativeLayerNormBackward0>)
decoder_out=tensor([[-1.5170, -0.8636,  0.3332,  0.9013,  1.1783, -0.8362, -1.9918,  0.8316,
          1.5747,  0.3727,  0.8455,  0.2400,  0.2219, -0.5895,  0.4399, -1.1410],
        [-1.5107, -0.8453,  0.3306,  0.9126,  1.1594, -0.8352, -1.9956,  0.8353,
          1.5759,  0.3760,  0.8555,  0.2266,  0.2150, -0.5953,  0.4482, -1.1530],
        [-1.5107, -0.8453,  0.3306,  0.9126,  1.1594, -0.8352, -1.9956,  0.8353,
          1.5759,  0.3760,  0.8555,  0.2266,  0.2150, -0.5953,  0.4482, -1.1530],
        [-1.5107, -0.8453,  0.3306,  0.9126,  1.1594, -0.8352, -1.9956,  0.8353,
          1.5759,  0.3760,  0.8555,  0.2266,  0.2150, -0.5953,  0.4482, -1.1530],
        [-1.5140, -0.8464,  0.3294,  0.9099,  1.1651, -0.8341, -1.9942,  0.8372,
          1.5744,  0.3755,  0.8538,  0.2315,  0.2119, -0.5917,  0.4446, -1.1529]],
       dtype=torch.float64, grad_fn=<NativeLayerNormBackward0>) X_out=tensor([[ 0.0000,  1.0000,  2.0000,  3.0000,  4.0000,  5.0000,  6.0000,  7.0000,
          8.0000,  9.0000, 10.0000, 11.0000, 12.0000, 13.0000, 14.0000, 15.0000],
        [-1.1233,  2.4488, -0.4281,  0.6500,  1.2522,  0.2673,  0.3771,  0.7161,
         -0.2296,  0.6136,  1.1893,  0.6170, -1.0088,  1.1986,  0.3484, -0.3813],
        [-1.1233,  2.4488, -0.4281,  0.6500,  1.2522,  0.2673,  0.3771,  0.7161,
         -0.2296,  0.6136,  1.1893,  0.6170, -1.0088,  1.1986,  0.3484, -0.3813],
        [-1.1233,  2.4488, -0.4281,  0.6500,  1.2522,  0.2673,  0.3771,  0.7161,
         -0.2296,  0.6136,  1.1893,  0.6170, -1.0088,  1.1986,  0.3484, -0.3813],
        [ 1.0000,  1.0000,  1.0000,  1.0000,  1.0000,  1.0000,  1.0000,  1.0000,
          1.0000,  1.0000,  1.0000,  1.0000,  1.0000,  1.0000,  1.0000,  1.0000],
        [ 1.0000,  1.0000,  1.0000,  1.0000,  1.0000,  1.0000,  1.0000,  1.0000,
          1.0000,  1.0000,  1.0000,  1.0000,  1.0000,  1.0000,  1.0000,  1.0000],
        [ 1.0000,  1.0000,  1.0000,  1.0000,  1.0000,  1.0000,  1.0000,  1.0000,
          1.0000,  1.0000,  1.0000,  1.0000,  1.0000,  1.0000,  1.0000,  1.0000]],
       dtype=torch.float64, grad_fn=<CopySlices>)
logits_prob=tensor([1.5242e-05, 1.5660e-05, 3.4713e-05,  ..., 2.7300e-05, 4.4179e-05,
        8.2722e-05], dtype=torch.float64, grad_fn=<SoftmaxBackward0>)
X_out=tensor([[ 0.0000,  1.0000,  2.0000,  3.0000,  4.0000,  5.0000,  6.0000,  7.0000,
          8.0000,  9.0000, 10.0000, 11.0000, 12.0000, 13.0000, 14.0000, 15.0000],
        [-1.1233,  2.4488, -0.4281,  0.6500,  1.2522,  0.2673,  0.3771,  0.7161,
         -0.2296,  0.6136,  1.1893,  0.6170, -1.0088,  1.1986,  0.3484, -0.3813],
        [-1.1233,  2.4488, -0.4281,  0.6500,  1.2522,  0.2673,  0.3771,  0.7161,
         -0.2296,  0.6136,  1.1893,  0.6170, -1.0088,  1.1986,  0.3484, -0.3813],
        [-1.1233,  2.4488, -0.4281,  0.6500,  1.2522,  0.2673,  0.3771,  0.7161,
         -0.2296,  0.6136,  1.1893,  0.6170, -1.0088,  1.1986,  0.3484, -0.3813],
        [ 1.0000,  1.0000,  1.0000,  1.0000,  1.0000,  1.0000,  1.0000,  1.0000,
          1.0000,  1.0000,  1.0000,  1.0000,  1.0000,  1.0000,  1.0000,  1.0000],
        [ 1.0000,  1.0000,  1.0000,  1.0000,  1.0000,  1.0000,  1.0000,  1.0000,
          1.0000,  1.0000,  1.0000,  1.0000,  1.0000,  1.0000,  1.0000,  1.0000],
        [ 1.0000,  1.0000,  1.0000,  1.0000,  1.0000,  1.0000,  1.0000,  1.0000,
          1.0000,  1.0000,  1.0000,  1.0000,  1.0000,  1.0000,  1.0000,  1.0000]],
       dtype=torch.float64, grad_fn=<CopySlices>) token_embedding=tensor([[-1.1233,  2.4488, -0.4281,  0.6500,  1.2522,  0.2673,  0.3771,  0.7161,
         -0.2296,  0.6136,  1.1893,  0.6170, -1.0088,  1.1986,  0.3484, -0.3813]],
       dtype=torch.float64, grad_fn=<CopySlices>)
X_out=tensor([[ 0.0000,  1.0000,  2.0000,  3.0000,  4.0000,  5.0000,  6.0000,  7.0000,
          8.0000,  9.0000, 10.0000, 11.0000, 12.0000, 13.0000, 14.0000, 15.0000],
        [-1.1233,  2.4488, -0.4281,  0.6500,  1.2522,  0.2673,  0.3771,  0.7161,
         -0.2296,  0.6136,  1.1893,  0.6170, -1.0088,  1.1986,  0.3484, -0.3813],
        [-1.1233,  2.4488, -0.4281,  0.6500,  1.2522,  0.2673,  0.3771,  0.7161,
         -0.2296,  0.6136,  1.1893,  0.6170, -1.0088,  1.1986,  0.3484, -0.3813],
        [-1.1233,  2.4488, -0.4281,  0.6500,  1.2522,  0.2673,  0.3771,  0.7161,
         -0.2296,  0.6136,  1.1893,  0.6170, -1.0088,  1.1986,  0.3484, -0.3813],
        [-1.1233,  2.4488, -0.4281,  0.6500,  1.2522,  0.2673,  0.3771,  0.7161,
         -0.2296,  0.6136,  1.1893,  0.6170, -1.0088,  1.1986,  0.3484, -0.3813],
        [ 1.0000,  1.0000,  1.0000,  1.0000,  1.0000,  1.0000,  1.0000,  1.0000,
          1.0000,  1.0000,  1.0000,  1.0000,  1.0000,  1.0000,  1.0000,  1.0000],
        [ 1.0000,  1.0000,  1.0000,  1.0000,  1.0000,  1.0000,  1.0000,  1.0000,
          1.0000,  1.0000,  1.0000,  1.0000,  1.0000,  1.0000,  1.0000,  1.0000]],
       dtype=torch.float64, grad_fn=<CopySlices>)
Next token is: northwest X_input: X_in=tensor([[ 0.0000,  1.0000,  2.0000,  3.0000,  4.0000,  5.0000,  6.0000,  7.0000,
          8.0000,  9.0000, 10.0000, 11.0000, 12.0000, 13.0000, 14.0000, 15.0000],
        [-1.1233,  2.4488, -0.4281,  0.6500,  1.2522,  0.2673,  0.3771,  0.7161,
         -0.2296,  0.6136,  1.1893,  0.6170, -1.0088,  1.1986,  0.3484, -0.3813],
        [-1.1233,  2.4488, -0.4281,  0.6500,  1.2522,  0.2673,  0.3771,  0.7161,
         -0.2296,  0.6136,  1.1893,  0.6170, -1.0088,  1.1986,  0.3484, -0.3813],
        [-1.1233,  2.4488, -0.4281,  0.6500,  1.2522,  0.2673,  0.3771,  0.7161,
         -0.2296,  0.6136,  1.1893,  0.6170, -1.0088,  1.1986,  0.3484, -0.3813],
        [-1.1233,  2.4488, -0.4281,  0.6500,  1.2522,  0.2673,  0.3771,  0.7161,
         -0.2296,  0.6136,  1.1893,  0.6170, -1.0088,  1.1986,  0.3484, -0.3813],
        [ 1.0000,  1.0000,  1.0000,  1.0000,  1.0000,  1.0000,  1.0000,  1.0000,
          1.0000,  1.0000,  1.0000,  1.0000,  1.0000,  1.0000,  1.0000,  1.0000]],
       dtype=torch.float64, grad_fn=<SliceBackward0>)
X_in=tensor([[ 0.0000,  1.0000,  2.0000,  3.0000,  4.0000,  5.0000,  6.0000,  7.0000,
          8.0000,  9.0000, 10.0000, 11.0000, 12.0000, 13.0000, 14.0000, 15.0000],
        [-1.1233,  2.4488, -0.4281,  0.6500,  1.2522,  0.2673,  0.3771,  0.7161,
         -0.2296,  0.6136,  1.1893,  0.6170, -1.0088,  1.1986,  0.3484, -0.3813],
        [-1.1233,  2.4488, -0.4281,  0.6500,  1.2522,  0.2673,  0.3771,  0.7161,
         -0.2296,  0.6136,  1.1893,  0.6170, -1.0088,  1.1986,  0.3484, -0.3813],
        [-1.1233,  2.4488, -0.4281,  0.6500,  1.2522,  0.2673,  0.3771,  0.7161,
         -0.2296,  0.6136,  1.1893,  0.6170, -1.0088,  1.1986,  0.3484, -0.3813],
        [-1.1233,  2.4488, -0.4281,  0.6500,  1.2522,  0.2673,  0.3771,  0.7161,
         -0.2296,  0.6136,  1.1893,  0.6170, -1.0088,  1.1986,  0.3484, -0.3813],
        [ 1.0000,  1.0000,  1.0000,  1.0000,  1.0000,  1.0000,  1.0000,  1.0000,
          1.0000,  1.0000,  1.0000,  1.0000,  1.0000,  1.0000,  1.0000,  1.0000]],
       dtype=torch.float64, grad_fn=<SliceBackward0>)
Q=tensor([[63.1846, 56.3415, 78.5034, 54.7119, 81.4926, 60.7211, 61.2801, 69.6383],
        [ 4.6218,  2.9951,  4.2466,  2.3625,  4.9434,  3.6232,  3.2498,  2.2918],
        [ 4.6218,  2.9951,  4.2466,  2.3625,  4.9434,  3.6232,  3.2498,  2.2918],
        [ 4.6218,  2.9951,  4.2466,  2.3625,  4.9434,  3.6232,  3.2498,  2.2918],
        [ 4.6218,  2.9951,  4.2466,  2.3625,  4.9434,  3.6232,  3.2498,  2.2918],
        [ 7.9810,  6.9044,  9.5463,  7.2480, 10.8693,  7.9736,  8.1592,  8.6183]],
       dtype=torch.float64, grad_fn=<MmBackward0>) Q.shape=torch.Size([6, 8]) self.W_q=tensor([[0.0611, 0.2246, 0.2343, 0.1771, 0.5561, 0.1094, 0.4609, 0.7084],
        [0.5798, 0.4967, 0.5104, 0.3295, 0.7182, 0.3845, 0.0898, 0.1175],
        [0.6402, 0.1968, 0.5124, 0.7118, 0.9249, 0.9997, 0.8927, 0.8767],
        [0.8450, 0.1544, 0.1705, 0.9842, 0.8127, 0.4358, 0.4143, 0.4284],
        [0.7578, 0.9225, 0.9643, 0.1760, 0.9539, 0.3134, 0.4544, 0.2956],
        [0.1875, 0.2433, 0.3493, 0.4441, 0.4069, 0.2859, 0.8036, 0.3218],
        [0.3639, 0.2985, 0.6635, 0.2552, 0.4144, 0.8396, 0.7418, 0.2865],
        [0.7929, 0.5001, 0.8977, 0.1051, 0.5809, 0.9867, 0.1315, 0.2391],
        [0.3047, 0.5158, 0.4514, 0.4929, 0.5301, 0.2647, 0.1671, 0.5482],
        [0.2380, 0.5374, 0.4422, 0.6454, 0.5376, 0.2245, 0.6632, 0.8439],
        [0.0109, 0.2807, 0.9301, 0.5438, 0.8123, 0.7750, 0.7308, 0.9924],
        [0.7282, 0.2328, 0.9997, 0.5540, 0.4200, 0.5419, 0.8642, 0.4312],
        [0.1213, 0.8956, 0.8784, 0.9128, 0.9688, 0.4150, 0.4094, 0.6885],
        [0.6800, 0.6415, 0.4019, 0.4875, 0.9569, 0.5172, 0.9534, 0.8540],
        [0.9555, 0.0836, 0.1684, 0.1883, 0.9384, 0.3543, 0.2027, 0.5069],
        [0.7145, 0.6801, 0.9717, 0.2403, 0.3372, 0.5260, 0.1794, 0.4793]],
       dtype=torch.float64)
K=tensor([[57.7107, 59.4244, 49.3530, 49.7288, 47.0641, 65.8137, 62.2513, 63.2208],
        [ 3.3079,  3.1185,  2.3897,  3.1224,  2.2688,  4.5885,  3.1299,  2.4468],
        [ 3.3079,  3.1185,  2.3897,  3.1224,  2.2688,  4.5885,  3.1299,  2.4468],
        [ 3.3079,  3.1185,  2.3897,  3.1224,  2.2688,  4.5885,  3.1299,  2.4468],
        [ 3.3079,  3.1185,  2.3897,  3.1224,  2.2688,  4.5885,  3.1299,  2.4468],
        [ 8.8189,  6.3592,  7.8348,  6.8790,  7.3960,  9.4909,  7.2963,  7.6935]],
       dtype=torch.float64, grad_fn=<MmBackward0>) K.shape=torch.Size([6, 8]) tensor([[0.9176, 0.0969, 0.7088, 0.5403, 0.9133, 0.5257, 0.1204, 0.2669],
        [0.6928, 0.4623, 0.0821, 0.6830, 0.6197, 0.8080, 0.7328, 0.3664],
        [0.9414, 0.1970, 0.7579, 0.1139, 0.7440, 0.7068, 0.7945, 0.6953],
        [0.4236, 0.1344, 0.8726, 0.0248, 0.1871, 0.4442, 0.0288, 0.1701],
        [0.5530, 0.3270, 0.7248, 0.3561, 0.3695, 0.8486, 0.3875, 0.1408],
        [0.4006, 0.0171, 0.7371, 0.6248, 0.5112, 0.6141, 0.4584, 0.3932],
        [0.9174, 0.2641, 0.5383, 0.1304, 0.2692, 0.5418, 0.0513, 0.7104],
        [0.2190, 0.5117, 0.4089, 0.7485, 0.9291, 0.5215, 0.6378, 0.5737],
        [0.1116, 0.2890, 0.3665, 0.5505, 0.4982, 0.8949, 0.1929, 0.6126],
        [0.9573, 0.3505, 0.9706, 0.8580, 0.6232, 0.6595, 0.0853, 0.7083],
        [0.3387, 0.3283, 0.1897, 0.6480, 0.0071, 0.7271, 0.5857, 0.4027],
        [0.5211, 0.9657, 0.5535, 0.6017, 0.2427, 0.5854, 0.5740, 0.5110],
        [0.5883, 0.7138, 0.1372, 0.6238, 0.3607, 0.3382, 0.5413, 0.4971],
        [0.5034, 0.7710, 0.2761, 0.0033, 0.5892, 0.0952, 0.2184, 0.6989],
        [0.6182, 0.3122, 0.0896, 0.1596, 0.0574, 0.9065, 0.8951, 0.0171],
        [0.1151, 0.6182, 0.4213, 0.2124, 0.4743, 0.2734, 0.9921, 0.9287]],
       dtype=torch.float64)
V=tensor([[54.9449, 69.0846, 71.7182, 51.1534, 71.8309, 61.3478, 64.5468, 49.7106],
        [ 1.7185,  3.2349,  2.4065,  2.4562,  5.0550,  2.4008,  3.8297,  2.8174],
        [ 1.7185,  3.2349,  2.4065,  2.4562,  5.0550,  2.4008,  3.8297,  2.8174],
        [ 1.7185,  3.2349,  2.4065,  2.4562,  5.0550,  2.4008,  3.8297,  2.8174],
        [ 1.7185,  3.2349,  2.4065,  2.4562,  5.0550,  2.4008,  3.8297,  2.8174],
        [ 7.4111,  9.3323,  8.0908,  7.0691,  9.7448,  7.5069,  7.5059,  6.8674]],
       dtype=torch.float64, grad_fn=<MmBackward0>) V.shape=torch.Size([6, 8]) self.W_v=tensor([[0.4771, 0.7317, 0.0576, 0.9432, 0.9486, 0.5513, 0.4101, 0.7596],
        [0.1079, 0.4531, 0.1762, 0.8590, 0.4101, 0.0046, 0.5489, 0.3399],
        [0.4035, 0.6980, 0.4398, 0.2253, 0.2283, 0.5055, 0.3547, 0.1605],
        [0.6428, 0.4947, 0.3211, 0.0070, 0.9626, 0.4930, 0.1573, 0.1466],
        [0.4337, 0.5801, 0.0415, 0.5750, 0.9796, 0.8258, 0.2627, 0.8009],
        [0.8512, 0.7802, 0.6454, 0.5386, 0.1792, 0.1877, 0.2942, 0.5359],
        [0.1093, 0.8584, 0.9864, 0.1241, 0.7169, 0.0822, 0.4824, 0.6482],
        [0.8485, 0.3716, 0.2252, 0.5579, 0.7592, 0.0820, 0.2454, 0.7402],
        [0.4686, 0.3573, 0.9693, 0.3870, 0.2020, 0.6892, 0.3514, 0.2458],
        [0.1752, 0.0981, 0.2589, 0.0731, 0.5745, 0.6247, 0.7559, 0.3685],
        [0.3979, 0.9075, 0.8795, 0.0108, 0.7215, 0.9119, 0.8867, 0.1758],
        [0.9790, 0.9240, 0.8681, 0.5926, 0.6049, 0.1070, 0.3841, 0.1247],
        [0.9284, 0.4158, 0.5685, 0.4974, 0.3686, 0.7431, 0.1817, 0.1600],
        [0.2541, 0.0690, 0.3611, 0.1814, 0.9477, 0.6948, 0.5803, 0.5864],
        [0.0111, 0.9819, 0.5165, 0.9790, 0.8677, 0.8973, 0.9010, 0.4158],
        [0.3229, 0.6110, 0.7758, 0.5179, 0.2733, 0.1066, 0.7092, 0.6586]],
       dtype=torch.float64)
score=tensor([[29638.6438,  1568.8345,  1568.8345,  1568.8345,  1568.8345,  4068.8283],
        [ 1590.0832,    85.7729,    85.7729,    85.7729,    85.7729,   221.6211],
        [ 1590.0832,    85.7729,    85.7729,    85.7729,    85.7729,   221.6211],
        [ 1590.0832,    85.7729,    85.7729,    85.7729,    85.7729,   221.6211],
        [ 1590.0832,    85.7729,    85.7729,    85.7729,    85.7729,   221.6211],
        [ 3791.5562,   201.2466,   201.2466,   201.2466,   201.2466,   520.8459]],
       dtype=torch.float64, grad_fn=<MmBackward0>) score.shape=torch.Size([6, 6])
Score masked: score=tensor([[10478.8430,       -inf,       -inf,       -inf,       -inf,       -inf],
        [  562.1793,    30.3253,       -inf,       -inf,       -inf,       -inf],
        [  562.1793,    30.3253,    30.3253,       -inf,       -inf,       -inf],
        [  562.1793,    30.3253,    30.3253,    30.3253,       -inf,       -inf],
        [  562.1793,    30.3253,    30.3253,    30.3253,    30.3253,       -inf],
        [ 1340.5175,    71.1514,    71.1514,    71.1514,    71.1514,   184.1468]],
       dtype=torch.float64, grad_fn=<MaskedFillBackward0>) mask=tensor([[1, 0, 0, 0, 0, 0],
        [1, 1, 0, 0, 0, 0],
        [1, 1, 1, 0, 0, 0],
        [1, 1, 1, 1, 0, 0],
        [1, 1, 1, 1, 1, 0],
        [1, 1, 1, 1, 1, 1]], dtype=torch.int32)
soft_max_out=tensor([[ 1.0000e+00,  0.0000e+00,  0.0000e+00,  0.0000e+00,  0.0000e+00,
          0.0000e+00],
        [ 1.0000e+00, 1.0441e-231,  0.0000e+00,  0.0000e+00,  0.0000e+00,
          0.0000e+00],
        [ 1.0000e+00, 1.0441e-231, 1.0441e-231,  0.0000e+00,  0.0000e+00,
          0.0000e+00],
        [ 1.0000e+00, 1.0441e-231, 1.0441e-231, 1.0441e-231,  0.0000e+00,
          0.0000e+00],
        [ 1.0000e+00, 1.0441e-231, 1.0441e-231, 1.0441e-231, 1.0441e-231,
          0.0000e+00],
        [ 1.0000e+00,  0.0000e+00,  0.0000e+00,  0.0000e+00,  0.0000e+00,
          0.0000e+00]], dtype=torch.float64, grad_fn=<SoftmaxBackward0>) soft_max_out.shape=torch.Size([6, 6])
Z=tensor([[54.9449, 69.0846, 71.7182, 51.1534, 71.8309, 61.3478, 64.5468, 49.7106],
        [54.9449, 69.0846, 71.7182, 51.1534, 71.8309, 61.3478, 64.5468, 49.7106],
        [54.9449, 69.0846, 71.7182, 51.1534, 71.8309, 61.3478, 64.5468, 49.7106],
        [54.9449, 69.0846, 71.7182, 51.1534, 71.8309, 61.3478, 64.5468, 49.7106],
        [54.9449, 69.0846, 71.7182, 51.1534, 71.8309, 61.3478, 64.5468, 49.7106],
        [54.9449, 69.0846, 71.7182, 51.1534, 71.8309, 61.3478, 64.5468, 49.7106]],
       dtype=torch.float64, grad_fn=<MmBackward0>) Z.shape=torch.Size([6, 8])
X_in=tensor([[ 0.0000,  1.0000,  2.0000,  3.0000,  4.0000,  5.0000,  6.0000,  7.0000,
          8.0000,  9.0000, 10.0000, 11.0000, 12.0000, 13.0000, 14.0000, 15.0000],
        [-1.1233,  2.4488, -0.4281,  0.6500,  1.2522,  0.2673,  0.3771,  0.7161,
         -0.2296,  0.6136,  1.1893,  0.6170, -1.0088,  1.1986,  0.3484, -0.3813],
        [-1.1233,  2.4488, -0.4281,  0.6500,  1.2522,  0.2673,  0.3771,  0.7161,
         -0.2296,  0.6136,  1.1893,  0.6170, -1.0088,  1.1986,  0.3484, -0.3813],
        [-1.1233,  2.4488, -0.4281,  0.6500,  1.2522,  0.2673,  0.3771,  0.7161,
         -0.2296,  0.6136,  1.1893,  0.6170, -1.0088,  1.1986,  0.3484, -0.3813],
        [-1.1233,  2.4488, -0.4281,  0.6500,  1.2522,  0.2673,  0.3771,  0.7161,
         -0.2296,  0.6136,  1.1893,  0.6170, -1.0088,  1.1986,  0.3484, -0.3813],
        [ 1.0000,  1.0000,  1.0000,  1.0000,  1.0000,  1.0000,  1.0000,  1.0000,
          1.0000,  1.0000,  1.0000,  1.0000,  1.0000,  1.0000,  1.0000,  1.0000]],
       dtype=torch.float64, grad_fn=<SliceBackward0>)
Q=tensor([[63.1846, 56.3415, 78.5034, 54.7119, 81.4926, 60.7211, 61.2801, 69.6383],
        [ 4.6218,  2.9951,  4.2466,  2.3625,  4.9434,  3.6232,  3.2498,  2.2918],
        [ 4.6218,  2.9951,  4.2466,  2.3625,  4.9434,  3.6232,  3.2498,  2.2918],
        [ 4.6218,  2.9951,  4.2466,  2.3625,  4.9434,  3.6232,  3.2498,  2.2918],
        [ 4.6218,  2.9951,  4.2466,  2.3625,  4.9434,  3.6232,  3.2498,  2.2918],
        [ 7.9810,  6.9044,  9.5463,  7.2480, 10.8693,  7.9736,  8.1592,  8.6183]],
       dtype=torch.float64, grad_fn=<MmBackward0>) Q.shape=torch.Size([6, 8]) self.W_q=tensor([[0.0611, 0.2246, 0.2343, 0.1771, 0.5561, 0.1094, 0.4609, 0.7084],
        [0.5798, 0.4967, 0.5104, 0.3295, 0.7182, 0.3845, 0.0898, 0.1175],
        [0.6402, 0.1968, 0.5124, 0.7118, 0.9249, 0.9997, 0.8927, 0.8767],
        [0.8450, 0.1544, 0.1705, 0.9842, 0.8127, 0.4358, 0.4143, 0.4284],
        [0.7578, 0.9225, 0.9643, 0.1760, 0.9539, 0.3134, 0.4544, 0.2956],
        [0.1875, 0.2433, 0.3493, 0.4441, 0.4069, 0.2859, 0.8036, 0.3218],
        [0.3639, 0.2985, 0.6635, 0.2552, 0.4144, 0.8396, 0.7418, 0.2865],
        [0.7929, 0.5001, 0.8977, 0.1051, 0.5809, 0.9867, 0.1315, 0.2391],
        [0.3047, 0.5158, 0.4514, 0.4929, 0.5301, 0.2647, 0.1671, 0.5482],
        [0.2380, 0.5374, 0.4422, 0.6454, 0.5376, 0.2245, 0.6632, 0.8439],
        [0.0109, 0.2807, 0.9301, 0.5438, 0.8123, 0.7750, 0.7308, 0.9924],
        [0.7282, 0.2328, 0.9997, 0.5540, 0.4200, 0.5419, 0.8642, 0.4312],
        [0.1213, 0.8956, 0.8784, 0.9128, 0.9688, 0.4150, 0.4094, 0.6885],
        [0.6800, 0.6415, 0.4019, 0.4875, 0.9569, 0.5172, 0.9534, 0.8540],
        [0.9555, 0.0836, 0.1684, 0.1883, 0.9384, 0.3543, 0.2027, 0.5069],
        [0.7145, 0.6801, 0.9717, 0.2403, 0.3372, 0.5260, 0.1794, 0.4793]],
       dtype=torch.float64)
K=tensor([[57.7107, 59.4244, 49.3530, 49.7288, 47.0641, 65.8137, 62.2513, 63.2208],
        [ 3.3079,  3.1185,  2.3897,  3.1224,  2.2688,  4.5885,  3.1299,  2.4468],
        [ 3.3079,  3.1185,  2.3897,  3.1224,  2.2688,  4.5885,  3.1299,  2.4468],
        [ 3.3079,  3.1185,  2.3897,  3.1224,  2.2688,  4.5885,  3.1299,  2.4468],
        [ 3.3079,  3.1185,  2.3897,  3.1224,  2.2688,  4.5885,  3.1299,  2.4468],
        [ 8.8189,  6.3592,  7.8348,  6.8790,  7.3960,  9.4909,  7.2963,  7.6935]],
       dtype=torch.float64, grad_fn=<MmBackward0>) K.shape=torch.Size([6, 8]) tensor([[0.9176, 0.0969, 0.7088, 0.5403, 0.9133, 0.5257, 0.1204, 0.2669],
        [0.6928, 0.4623, 0.0821, 0.6830, 0.6197, 0.8080, 0.7328, 0.3664],
        [0.9414, 0.1970, 0.7579, 0.1139, 0.7440, 0.7068, 0.7945, 0.6953],
        [0.4236, 0.1344, 0.8726, 0.0248, 0.1871, 0.4442, 0.0288, 0.1701],
        [0.5530, 0.3270, 0.7248, 0.3561, 0.3695, 0.8486, 0.3875, 0.1408],
        [0.4006, 0.0171, 0.7371, 0.6248, 0.5112, 0.6141, 0.4584, 0.3932],
        [0.9174, 0.2641, 0.5383, 0.1304, 0.2692, 0.5418, 0.0513, 0.7104],
        [0.2190, 0.5117, 0.4089, 0.7485, 0.9291, 0.5215, 0.6378, 0.5737],
        [0.1116, 0.2890, 0.3665, 0.5505, 0.4982, 0.8949, 0.1929, 0.6126],
        [0.9573, 0.3505, 0.9706, 0.8580, 0.6232, 0.6595, 0.0853, 0.7083],
        [0.3387, 0.3283, 0.1897, 0.6480, 0.0071, 0.7271, 0.5857, 0.4027],
        [0.5211, 0.9657, 0.5535, 0.6017, 0.2427, 0.5854, 0.5740, 0.5110],
        [0.5883, 0.7138, 0.1372, 0.6238, 0.3607, 0.3382, 0.5413, 0.4971],
        [0.5034, 0.7710, 0.2761, 0.0033, 0.5892, 0.0952, 0.2184, 0.6989],
        [0.6182, 0.3122, 0.0896, 0.1596, 0.0574, 0.9065, 0.8951, 0.0171],
        [0.1151, 0.6182, 0.4213, 0.2124, 0.4743, 0.2734, 0.9921, 0.9287]],
       dtype=torch.float64)
V=tensor([[54.9449, 69.0846, 71.7182, 51.1534, 71.8309, 61.3478, 64.5468, 49.7106],
        [ 1.7185,  3.2349,  2.4065,  2.4562,  5.0550,  2.4008,  3.8297,  2.8174],
        [ 1.7185,  3.2349,  2.4065,  2.4562,  5.0550,  2.4008,  3.8297,  2.8174],
        [ 1.7185,  3.2349,  2.4065,  2.4562,  5.0550,  2.4008,  3.8297,  2.8174],
        [ 1.7185,  3.2349,  2.4065,  2.4562,  5.0550,  2.4008,  3.8297,  2.8174],
        [ 7.4111,  9.3323,  8.0908,  7.0691,  9.7448,  7.5069,  7.5059,  6.8674]],
       dtype=torch.float64, grad_fn=<MmBackward0>) V.shape=torch.Size([6, 8]) self.W_v=tensor([[0.4771, 0.7317, 0.0576, 0.9432, 0.9486, 0.5513, 0.4101, 0.7596],
        [0.1079, 0.4531, 0.1762, 0.8590, 0.4101, 0.0046, 0.5489, 0.3399],
        [0.4035, 0.6980, 0.4398, 0.2253, 0.2283, 0.5055, 0.3547, 0.1605],
        [0.6428, 0.4947, 0.3211, 0.0070, 0.9626, 0.4930, 0.1573, 0.1466],
        [0.4337, 0.5801, 0.0415, 0.5750, 0.9796, 0.8258, 0.2627, 0.8009],
        [0.8512, 0.7802, 0.6454, 0.5386, 0.1792, 0.1877, 0.2942, 0.5359],
        [0.1093, 0.8584, 0.9864, 0.1241, 0.7169, 0.0822, 0.4824, 0.6482],
        [0.8485, 0.3716, 0.2252, 0.5579, 0.7592, 0.0820, 0.2454, 0.7402],
        [0.4686, 0.3573, 0.9693, 0.3870, 0.2020, 0.6892, 0.3514, 0.2458],
        [0.1752, 0.0981, 0.2589, 0.0731, 0.5745, 0.6247, 0.7559, 0.3685],
        [0.3979, 0.9075, 0.8795, 0.0108, 0.7215, 0.9119, 0.8867, 0.1758],
        [0.9790, 0.9240, 0.8681, 0.5926, 0.6049, 0.1070, 0.3841, 0.1247],
        [0.9284, 0.4158, 0.5685, 0.4974, 0.3686, 0.7431, 0.1817, 0.1600],
        [0.2541, 0.0690, 0.3611, 0.1814, 0.9477, 0.6948, 0.5803, 0.5864],
        [0.0111, 0.9819, 0.5165, 0.9790, 0.8677, 0.8973, 0.9010, 0.4158],
        [0.3229, 0.6110, 0.7758, 0.5179, 0.2733, 0.1066, 0.7092, 0.6586]],
       dtype=torch.float64)
score=tensor([[29638.6438,  1568.8345,  1568.8345,  1568.8345,  1568.8345,  4068.8283],
        [ 1590.0832,    85.7729,    85.7729,    85.7729,    85.7729,   221.6211],
        [ 1590.0832,    85.7729,    85.7729,    85.7729,    85.7729,   221.6211],
        [ 1590.0832,    85.7729,    85.7729,    85.7729,    85.7729,   221.6211],
        [ 1590.0832,    85.7729,    85.7729,    85.7729,    85.7729,   221.6211],
        [ 3791.5562,   201.2466,   201.2466,   201.2466,   201.2466,   520.8459]],
       dtype=torch.float64, grad_fn=<MmBackward0>) score.shape=torch.Size([6, 6])
Score masked: score=tensor([[10478.8430,       -inf,       -inf,       -inf,       -inf,       -inf],
        [  562.1793,    30.3253,       -inf,       -inf,       -inf,       -inf],
        [  562.1793,    30.3253,    30.3253,       -inf,       -inf,       -inf],
        [  562.1793,    30.3253,    30.3253,    30.3253,       -inf,       -inf],
        [  562.1793,    30.3253,    30.3253,    30.3253,    30.3253,       -inf],
        [ 1340.5175,    71.1514,    71.1514,    71.1514,    71.1514,   184.1468]],
       dtype=torch.float64, grad_fn=<MaskedFillBackward0>) mask=tensor([[1, 0, 0, 0, 0, 0],
        [1, 1, 0, 0, 0, 0],
        [1, 1, 1, 0, 0, 0],
        [1, 1, 1, 1, 0, 0],
        [1, 1, 1, 1, 1, 0],
        [1, 1, 1, 1, 1, 1]], dtype=torch.int32)
soft_max_out=tensor([[ 1.0000e+00,  0.0000e+00,  0.0000e+00,  0.0000e+00,  0.0000e+00,
          0.0000e+00],
        [ 1.0000e+00, 1.0441e-231,  0.0000e+00,  0.0000e+00,  0.0000e+00,
          0.0000e+00],
        [ 1.0000e+00, 1.0441e-231, 1.0441e-231,  0.0000e+00,  0.0000e+00,
          0.0000e+00],
        [ 1.0000e+00, 1.0441e-231, 1.0441e-231, 1.0441e-231,  0.0000e+00,
          0.0000e+00],
        [ 1.0000e+00, 1.0441e-231, 1.0441e-231, 1.0441e-231, 1.0441e-231,
          0.0000e+00],
        [ 1.0000e+00,  0.0000e+00,  0.0000e+00,  0.0000e+00,  0.0000e+00,
          0.0000e+00]], dtype=torch.float64, grad_fn=<SoftmaxBackward0>) soft_max_out.shape=torch.Size([6, 6])
Z=tensor([[54.9449, 69.0846, 71.7182, 51.1534, 71.8309, 61.3478, 64.5468, 49.7106],
        [54.9449, 69.0846, 71.7182, 51.1534, 71.8309, 61.3478, 64.5468, 49.7106],
        [54.9449, 69.0846, 71.7182, 51.1534, 71.8309, 61.3478, 64.5468, 49.7106],
        [54.9449, 69.0846, 71.7182, 51.1534, 71.8309, 61.3478, 64.5468, 49.7106],
        [54.9449, 69.0846, 71.7182, 51.1534, 71.8309, 61.3478, 64.5468, 49.7106],
        [54.9449, 69.0846, 71.7182, 51.1534, 71.8309, 61.3478, 64.5468, 49.7106]],
       dtype=torch.float64, grad_fn=<MmBackward0>) Z.shape=torch.Size([6, 8])
head=tensor([[54.9449, 69.0846, 71.7182, 51.1534, 71.8309, 61.3478, 64.5468, 49.7106,
         54.9449, 69.0846, 71.7182, 51.1534, 71.8309, 61.3478, 64.5468, 49.7106],
        [54.9449, 69.0846, 71.7182, 51.1534, 71.8309, 61.3478, 64.5468, 49.7106,
         54.9449, 69.0846, 71.7182, 51.1534, 71.8309, 61.3478, 64.5468, 49.7106],
        [54.9449, 69.0846, 71.7182, 51.1534, 71.8309, 61.3478, 64.5468, 49.7106,
         54.9449, 69.0846, 71.7182, 51.1534, 71.8309, 61.3478, 64.5468, 49.7106],
        [54.9449, 69.0846, 71.7182, 51.1534, 71.8309, 61.3478, 64.5468, 49.7106,
         54.9449, 69.0846, 71.7182, 51.1534, 71.8309, 61.3478, 64.5468, 49.7106],
        [54.9449, 69.0846, 71.7182, 51.1534, 71.8309, 61.3478, 64.5468, 49.7106,
         54.9449, 69.0846, 71.7182, 51.1534, 71.8309, 61.3478, 64.5468, 49.7106],
        [54.9449, 69.0846, 71.7182, 51.1534, 71.8309, 61.3478, 64.5468, 49.7106,
         54.9449, 69.0846, 71.7182, 51.1534, 71.8309, 61.3478, 64.5468, 49.7106]],
       dtype=torch.float64, grad_fn=<CatBackward0>)
head.shape=torch.Size([6, 16]) self.W_multi_head.shape=torch.Size([16, 16])
multi_head_out=tensor([[324.1462, 384.5707, 492.1061, 543.9153, 568.3734, 385.3410, 280.0153,
         537.6216, 605.6113, 495.4612, 538.8712, 482.9354, 482.0602, 408.1026,
         501.8579, 357.3585],
        [324.1462, 384.5707, 492.1061, 543.9153, 568.3734, 385.3410, 280.0153,
         537.6216, 605.6113, 495.4612, 538.8712, 482.9354, 482.0602, 408.1026,
         501.8579, 357.3585],
        [324.1462, 384.5707, 492.1061, 543.9153, 568.3734, 385.3410, 280.0153,
         537.6216, 605.6113, 495.4612, 538.8712, 482.9354, 482.0602, 408.1026,
         501.8579, 357.3585],
        [324.1462, 384.5707, 492.1061, 543.9153, 568.3734, 385.3410, 280.0153,
         537.6216, 605.6113, 495.4612, 538.8712, 482.9354, 482.0602, 408.1026,
         501.8579, 357.3585],
        [324.1462, 384.5707, 492.1061, 543.9153, 568.3734, 385.3410, 280.0153,
         537.6216, 605.6113, 495.4612, 538.8712, 482.9354, 482.0602, 408.1026,
         501.8579, 357.3585],
        [324.1462, 384.5707, 492.1061, 543.9153, 568.3734, 385.3410, 280.0153,
         537.6216, 605.6113, 495.4612, 538.8712, 482.9354, 482.0602, 408.1026,
         501.8579, 357.3585]], dtype=torch.float64, grad_fn=<MmBackward0>) X_in=tensor([[ 0.0000,  1.0000,  2.0000,  3.0000,  4.0000,  5.0000,  6.0000,  7.0000,
          8.0000,  9.0000, 10.0000, 11.0000, 12.0000, 13.0000, 14.0000, 15.0000],
        [-1.1233,  2.4488, -0.4281,  0.6500,  1.2522,  0.2673,  0.3771,  0.7161,
         -0.2296,  0.6136,  1.1893,  0.6170, -1.0088,  1.1986,  0.3484, -0.3813],
        [-1.1233,  2.4488, -0.4281,  0.6500,  1.2522,  0.2673,  0.3771,  0.7161,
         -0.2296,  0.6136,  1.1893,  0.6170, -1.0088,  1.1986,  0.3484, -0.3813],
        [-1.1233,  2.4488, -0.4281,  0.6500,  1.2522,  0.2673,  0.3771,  0.7161,
         -0.2296,  0.6136,  1.1893,  0.6170, -1.0088,  1.1986,  0.3484, -0.3813],
        [-1.1233,  2.4488, -0.4281,  0.6500,  1.2522,  0.2673,  0.3771,  0.7161,
         -0.2296,  0.6136,  1.1893,  0.6170, -1.0088,  1.1986,  0.3484, -0.3813],
        [ 1.0000,  1.0000,  1.0000,  1.0000,  1.0000,  1.0000,  1.0000,  1.0000,
          1.0000,  1.0000,  1.0000,  1.0000,  1.0000,  1.0000,  1.0000,  1.0000]],
       dtype=torch.float64, grad_fn=<SliceBackward0>)
X_in=tensor([[-1.5838, -0.9134,  0.2710,  0.8473,  1.1252, -0.8614, -1.9999,  0.8223,
          1.5752,  0.3840,  0.8687,  0.2692,  0.2705, -0.5257,  0.5084, -1.0576],
        [-1.5267, -0.8246,  0.3236,  0.9039,  1.1788, -0.8401, -1.9944,  0.8356,
          1.5711,  0.3719,  0.8545,  0.2345,  0.2071, -0.5801,  0.4392, -1.1542],
        [-1.5267, -0.8246,  0.3236,  0.9039,  1.1788, -0.8401, -1.9944,  0.8356,
          1.5711,  0.3719,  0.8545,  0.2345,  0.2071, -0.5801,  0.4392, -1.1542],
        [-1.5267, -0.8246,  0.3236,  0.9039,  1.1788, -0.8401, -1.9944,  0.8356,
          1.5711,  0.3719,  0.8545,  0.2345,  0.2071, -0.5801,  0.4392, -1.1542],
        [-1.5267, -0.8246,  0.3236,  0.9039,  1.1788, -0.8401, -1.9944,  0.8356,
          1.5711,  0.3719,  0.8545,  0.2345,  0.2071, -0.5801,  0.4392, -1.1542],
        [-1.5119, -0.8481,  0.3332,  0.9024,  1.1711, -0.8396, -1.9967,  0.8332,
          1.5801,  0.3701,  0.8470,  0.2325,  0.2229, -0.5896,  0.4404, -1.1470]],
       dtype=torch.float64, grad_fn=<NativeLayerNormBackward0>)
Q=tensor([[ 1.0607,  0.5712,  0.6838,  1.3151,  1.5139,  0.1407, -0.8671,  0.7044],
        [ 1.0450,  0.5263,  0.6157,  1.3118,  1.5280,  0.1355, -0.8734,  0.6400],
        [ 1.0450,  0.5263,  0.6157,  1.3118,  1.5280,  0.1355, -0.8734,  0.6400],
        [ 1.0450,  0.5263,  0.6157,  1.3118,  1.5280,  0.1355, -0.8734,  0.6400],
        [ 1.0450,  0.5263,  0.6157,  1.3118,  1.5280,  0.1355, -0.8734,  0.6400],
        [ 1.0312,  0.5249,  0.6125,  1.3200,  1.5243,  0.1315, -0.8738,  0.6541]],
       dtype=torch.float64, grad_fn=<MmBackward0>) Q.shape=torch.Size([6, 8]) self.W_q=tensor([[0.0611, 0.2246, 0.2343, 0.1771, 0.5561, 0.1094, 0.4609, 0.7084],
        [0.5798, 0.4967, 0.5104, 0.3295, 0.7182, 0.3845, 0.0898, 0.1175],
        [0.6402, 0.1968, 0.5124, 0.7118, 0.9249, 0.9997, 0.8927, 0.8767],
        [0.8450, 0.1544, 0.1705, 0.9842, 0.8127, 0.4358, 0.4143, 0.4284],
        [0.7578, 0.9225, 0.9643, 0.1760, 0.9539, 0.3134, 0.4544, 0.2956],
        [0.1875, 0.2433, 0.3493, 0.4441, 0.4069, 0.2859, 0.8036, 0.3218],
        [0.3639, 0.2985, 0.6635, 0.2552, 0.4144, 0.8396, 0.7418, 0.2865],
        [0.7929, 0.5001, 0.8977, 0.1051, 0.5809, 0.9867, 0.1315, 0.2391],
        [0.3047, 0.5158, 0.4514, 0.4929, 0.5301, 0.2647, 0.1671, 0.5482],
        [0.2380, 0.5374, 0.4422, 0.6454, 0.5376, 0.2245, 0.6632, 0.8439],
        [0.0109, 0.2807, 0.9301, 0.5438, 0.8123, 0.7750, 0.7308, 0.9924],
        [0.7282, 0.2328, 0.9997, 0.5540, 0.4200, 0.5419, 0.8642, 0.4312],
        [0.1213, 0.8956, 0.8784, 0.9128, 0.9688, 0.4150, 0.4094, 0.6885],
        [0.6800, 0.6415, 0.4019, 0.4875, 0.9569, 0.5172, 0.9534, 0.8540],
        [0.9555, 0.0836, 0.1684, 0.1883, 0.9384, 0.3543, 0.2027, 0.5069],
        [0.7145, 0.6801, 0.9717, 0.2403, 0.3372, 0.5260, 0.1794, 0.4793]],
       dtype=torch.float64)
K=tensor([[-1.6796,  0.1619, -0.1320,  0.9981, -0.8720,  1.4816,  0.4028, -1.1934],
        [-1.6766,  0.1709, -0.1244,  0.9849, -0.8756,  1.4843,  0.4033, -1.1954],
        [-1.6752,  0.1649, -0.1393,  0.9982, -0.8745,  1.4912,  0.4133, -1.1940],
        [-1.6463,  0.1992, -0.1200,  0.9416, -0.8848,  1.5019,  0.5090, -1.1946],
        [-1.5511,  0.2503, -0.0917,  0.8052, -0.9162,  1.5223,  0.7359, -1.1856],
        [-1.6851,  0.1829, -0.1396,  1.0076, -0.8645,  1.4766,  0.4123, -1.1755],
        [-1.6675,  0.1831, -0.1400,  0.9880, -0.8789,  1.4925,  0.4191, -1.1841]],
       dtype=torch.float64, grad_fn=<MmBackward0>) K.shape=torch.Size([7, 8]) tensor([[0.9176, 0.0969, 0.7088, 0.5403, 0.9133, 0.5257, 0.1204, 0.2669],
        [0.6928, 0.4623, 0.0821, 0.6830, 0.6197, 0.8080, 0.7328, 0.3664],
        [0.9414, 0.1970, 0.7579, 0.1139, 0.7440, 0.7068, 0.7945, 0.6953],
        [0.4236, 0.1344, 0.8726, 0.0248, 0.1871, 0.4442, 0.0288, 0.1701],
        [0.5530, 0.3270, 0.7248, 0.3561, 0.3695, 0.8486, 0.3875, 0.1408],
        [0.4006, 0.0171, 0.7371, 0.6248, 0.5112, 0.6141, 0.4584, 0.3932],
        [0.9174, 0.2641, 0.5383, 0.1304, 0.2692, 0.5418, 0.0513, 0.7104],
        [0.2190, 0.5117, 0.4089, 0.7485, 0.9291, 0.5215, 0.6378, 0.5737],
        [0.1116, 0.2890, 0.3665, 0.5505, 0.4982, 0.8949, 0.1929, 0.6126],
        [0.9573, 0.3505, 0.9706, 0.8580, 0.6232, 0.6595, 0.0853, 0.7083],
        [0.3387, 0.3283, 0.1897, 0.6480, 0.0071, 0.7271, 0.5857, 0.4027],
        [0.5211, 0.9657, 0.5535, 0.6017, 0.2427, 0.5854, 0.5740, 0.5110],
        [0.5883, 0.7138, 0.1372, 0.6238, 0.3607, 0.3382, 0.5413, 0.4971],
        [0.5034, 0.7710, 0.2761, 0.0033, 0.5892, 0.0952, 0.2184, 0.6989],
        [0.6182, 0.3122, 0.0896, 0.1596, 0.0574, 0.9065, 0.8951, 0.0171],
        [0.1151, 0.6182, 0.4213, 0.2124, 0.4743, 0.2734, 0.9921, 0.9287]],
       dtype=torch.float64)
V=tensor([[ 1.3226, -0.9283, -0.4366, -0.9348,  0.0548,  2.5034, -0.4848, -1.7946],
        [ 1.3255, -0.9173, -0.4344, -0.9317,  0.0644,  2.4976, -0.4901, -1.7927],
        [ 1.3080, -0.9191, -0.4322, -0.9298,  0.0563,  2.4958, -0.4695, -1.7992],
        [ 1.3279, -0.8600, -0.4126, -0.8602,  0.0315,  2.4558, -0.4728, -1.7753],
        [ 1.3327, -0.6981, -0.3379, -0.6953, -0.0400,  2.3509, -0.4431, -1.7141],
        [ 1.3290, -0.9346, -0.4285, -0.9389,  0.0436,  2.4920, -0.4843, -1.7971],
        [ 1.3106, -0.9135, -0.4181, -0.9280,  0.0471,  2.5027, -0.4741, -1.8083]],
       dtype=torch.float64, grad_fn=<MmBackward0>) V.shape=torch.Size([7, 8]) self.W_v=tensor([[0.4771, 0.7317, 0.0576, 0.9432, 0.9486, 0.5513, 0.4101, 0.7596],
        [0.1079, 0.4531, 0.1762, 0.8590, 0.4101, 0.0046, 0.5489, 0.3399],
        [0.4035, 0.6980, 0.4398, 0.2253, 0.2283, 0.5055, 0.3547, 0.1605],
        [0.6428, 0.4947, 0.3211, 0.0070, 0.9626, 0.4930, 0.1573, 0.1466],
        [0.4337, 0.5801, 0.0415, 0.5750, 0.9796, 0.8258, 0.2627, 0.8009],
        [0.8512, 0.7802, 0.6454, 0.5386, 0.1792, 0.1877, 0.2942, 0.5359],
        [0.1093, 0.8584, 0.9864, 0.1241, 0.7169, 0.0822, 0.4824, 0.6482],
        [0.8485, 0.3716, 0.2252, 0.5579, 0.7592, 0.0820, 0.2454, 0.7402],
        [0.4686, 0.3573, 0.9693, 0.3870, 0.2020, 0.6892, 0.3514, 0.2458],
        [0.1752, 0.0981, 0.2589, 0.0731, 0.5745, 0.6247, 0.7559, 0.3685],
        [0.3979, 0.9075, 0.8795, 0.0108, 0.7215, 0.9119, 0.8867, 0.1758],
        [0.9790, 0.9240, 0.8681, 0.5926, 0.6049, 0.1070, 0.3841, 0.1247],
        [0.9284, 0.4158, 0.5685, 0.4974, 0.3686, 0.7431, 0.1817, 0.1600],
        [0.2541, 0.0690, 0.3611, 0.1814, 0.9477, 0.6948, 0.5803, 0.5864],
        [0.0111, 0.9819, 0.5165, 0.9790, 0.8677, 0.8973, 0.9010, 0.4158],
        [0.3229, 0.6110, 0.7758, 0.5179, 0.2733, 0.1066, 0.7092, 0.6586]],
       dtype=torch.float64)
score=tensor([[-2.7685, -2.7792, -2.7787, -2.8874, -3.1521, -2.7399, -2.7787],
        [-2.6892, -2.7007, -2.6992, -2.8118, -3.0843, -2.6620, -2.7008],
        [-2.6892, -2.7007, -2.6992, -2.8118, -3.0843, -2.6620, -2.7008],
        [-2.6892, -2.7007, -2.6992, -2.8118, -3.0843, -2.6620, -2.7008],
        [-2.6892, -2.7007, -2.6992, -2.8118, -3.0843, -2.6620, -2.7008],
        [-2.6775, -2.6892, -2.6876, -2.8012, -3.0762, -2.6499, -2.6892]],
       dtype=torch.float64, grad_fn=<MmBackward0>) score.shape=torch.Size([6, 7])
soft_max_out=tensor([[0.1464, 0.1458, 0.1459, 0.1404, 0.1278, 0.1479, 0.1459],
        [0.1465, 0.1459, 0.1460, 0.1403, 0.1274, 0.1479, 0.1459],
        [0.1465, 0.1459, 0.1460, 0.1403, 0.1274, 0.1479, 0.1459],
        [0.1465, 0.1459, 0.1460, 0.1403, 0.1274, 0.1479, 0.1459],
        [0.1465, 0.1459, 0.1460, 0.1403, 0.1274, 0.1479, 0.1459],
        [0.1465, 0.1459, 0.1460, 0.1403, 0.1273, 0.1480, 0.1459]],
       dtype=torch.float64, grad_fn=<SoftmaxBackward0>) soft_max_out.shape=torch.Size([6, 7])
Z=tensor([[ 1.3221, -0.8851, -0.4157, -0.8921,  0.0383,  2.4735, -0.4747, -1.7844],
        [ 1.3221, -0.8852, -0.4158, -0.8923,  0.0383,  2.4735, -0.4747, -1.7844],
        [ 1.3221, -0.8852, -0.4158, -0.8923,  0.0383,  2.4735, -0.4747, -1.7844],
        [ 1.3221, -0.8852, -0.4158, -0.8923,  0.0383,  2.4735, -0.4747, -1.7844],
        [ 1.3221, -0.8852, -0.4158, -0.8923,  0.0383,  2.4735, -0.4747, -1.7844],
        [ 1.3221, -0.8852, -0.4158, -0.8923,  0.0383,  2.4736, -0.4747, -1.7844]],
       dtype=torch.float64, grad_fn=<MmBackward0>) Z.shape=torch.Size([6, 8])
X_in=tensor([[-1.5838, -0.9134,  0.2710,  0.8473,  1.1252, -0.8614, -1.9999,  0.8223,
          1.5752,  0.3840,  0.8687,  0.2692,  0.2705, -0.5257,  0.5084, -1.0576],
        [-1.5267, -0.8246,  0.3236,  0.9039,  1.1788, -0.8401, -1.9944,  0.8356,
          1.5711,  0.3719,  0.8545,  0.2345,  0.2071, -0.5801,  0.4392, -1.1542],
        [-1.5267, -0.8246,  0.3236,  0.9039,  1.1788, -0.8401, -1.9944,  0.8356,
          1.5711,  0.3719,  0.8545,  0.2345,  0.2071, -0.5801,  0.4392, -1.1542],
        [-1.5267, -0.8246,  0.3236,  0.9039,  1.1788, -0.8401, -1.9944,  0.8356,
          1.5711,  0.3719,  0.8545,  0.2345,  0.2071, -0.5801,  0.4392, -1.1542],
        [-1.5267, -0.8246,  0.3236,  0.9039,  1.1788, -0.8401, -1.9944,  0.8356,
          1.5711,  0.3719,  0.8545,  0.2345,  0.2071, -0.5801,  0.4392, -1.1542],
        [-1.5119, -0.8481,  0.3332,  0.9024,  1.1711, -0.8396, -1.9967,  0.8332,
          1.5801,  0.3701,  0.8470,  0.2325,  0.2229, -0.5896,  0.4404, -1.1470]],
       dtype=torch.float64, grad_fn=<NativeLayerNormBackward0>)
Q=tensor([[ 1.0607,  0.5712,  0.6838,  1.3151,  1.5139,  0.1407, -0.8671,  0.7044],
        [ 1.0450,  0.5263,  0.6157,  1.3118,  1.5280,  0.1355, -0.8734,  0.6400],
        [ 1.0450,  0.5263,  0.6157,  1.3118,  1.5280,  0.1355, -0.8734,  0.6400],
        [ 1.0450,  0.5263,  0.6157,  1.3118,  1.5280,  0.1355, -0.8734,  0.6400],
        [ 1.0450,  0.5263,  0.6157,  1.3118,  1.5280,  0.1355, -0.8734,  0.6400],
        [ 1.0312,  0.5249,  0.6125,  1.3200,  1.5243,  0.1315, -0.8738,  0.6541]],
       dtype=torch.float64, grad_fn=<MmBackward0>) Q.shape=torch.Size([6, 8]) self.W_q=tensor([[0.0611, 0.2246, 0.2343, 0.1771, 0.5561, 0.1094, 0.4609, 0.7084],
        [0.5798, 0.4967, 0.5104, 0.3295, 0.7182, 0.3845, 0.0898, 0.1175],
        [0.6402, 0.1968, 0.5124, 0.7118, 0.9249, 0.9997, 0.8927, 0.8767],
        [0.8450, 0.1544, 0.1705, 0.9842, 0.8127, 0.4358, 0.4143, 0.4284],
        [0.7578, 0.9225, 0.9643, 0.1760, 0.9539, 0.3134, 0.4544, 0.2956],
        [0.1875, 0.2433, 0.3493, 0.4441, 0.4069, 0.2859, 0.8036, 0.3218],
        [0.3639, 0.2985, 0.6635, 0.2552, 0.4144, 0.8396, 0.7418, 0.2865],
        [0.7929, 0.5001, 0.8977, 0.1051, 0.5809, 0.9867, 0.1315, 0.2391],
        [0.3047, 0.5158, 0.4514, 0.4929, 0.5301, 0.2647, 0.1671, 0.5482],
        [0.2380, 0.5374, 0.4422, 0.6454, 0.5376, 0.2245, 0.6632, 0.8439],
        [0.0109, 0.2807, 0.9301, 0.5438, 0.8123, 0.7750, 0.7308, 0.9924],
        [0.7282, 0.2328, 0.9997, 0.5540, 0.4200, 0.5419, 0.8642, 0.4312],
        [0.1213, 0.8956, 0.8784, 0.9128, 0.9688, 0.4150, 0.4094, 0.6885],
        [0.6800, 0.6415, 0.4019, 0.4875, 0.9569, 0.5172, 0.9534, 0.8540],
        [0.9555, 0.0836, 0.1684, 0.1883, 0.9384, 0.3543, 0.2027, 0.5069],
        [0.7145, 0.6801, 0.9717, 0.2403, 0.3372, 0.5260, 0.1794, 0.4793]],
       dtype=torch.float64)
K=tensor([[-1.6796,  0.1619, -0.1320,  0.9981, -0.8720,  1.4816,  0.4028, -1.1934],
        [-1.6766,  0.1709, -0.1244,  0.9849, -0.8756,  1.4843,  0.4033, -1.1954],
        [-1.6752,  0.1649, -0.1393,  0.9982, -0.8745,  1.4912,  0.4133, -1.1940],
        [-1.6463,  0.1992, -0.1200,  0.9416, -0.8848,  1.5019,  0.5090, -1.1946],
        [-1.5511,  0.2503, -0.0917,  0.8052, -0.9162,  1.5223,  0.7359, -1.1856],
        [-1.6851,  0.1829, -0.1396,  1.0076, -0.8645,  1.4766,  0.4123, -1.1755],
        [-1.6675,  0.1831, -0.1400,  0.9880, -0.8789,  1.4925,  0.4191, -1.1841]],
       dtype=torch.float64, grad_fn=<MmBackward0>) K.shape=torch.Size([7, 8]) tensor([[0.9176, 0.0969, 0.7088, 0.5403, 0.9133, 0.5257, 0.1204, 0.2669],
        [0.6928, 0.4623, 0.0821, 0.6830, 0.6197, 0.8080, 0.7328, 0.3664],
        [0.9414, 0.1970, 0.7579, 0.1139, 0.7440, 0.7068, 0.7945, 0.6953],
        [0.4236, 0.1344, 0.8726, 0.0248, 0.1871, 0.4442, 0.0288, 0.1701],
        [0.5530, 0.3270, 0.7248, 0.3561, 0.3695, 0.8486, 0.3875, 0.1408],
        [0.4006, 0.0171, 0.7371, 0.6248, 0.5112, 0.6141, 0.4584, 0.3932],
        [0.9174, 0.2641, 0.5383, 0.1304, 0.2692, 0.5418, 0.0513, 0.7104],
        [0.2190, 0.5117, 0.4089, 0.7485, 0.9291, 0.5215, 0.6378, 0.5737],
        [0.1116, 0.2890, 0.3665, 0.5505, 0.4982, 0.8949, 0.1929, 0.6126],
        [0.9573, 0.3505, 0.9706, 0.8580, 0.6232, 0.6595, 0.0853, 0.7083],
        [0.3387, 0.3283, 0.1897, 0.6480, 0.0071, 0.7271, 0.5857, 0.4027],
        [0.5211, 0.9657, 0.5535, 0.6017, 0.2427, 0.5854, 0.5740, 0.5110],
        [0.5883, 0.7138, 0.1372, 0.6238, 0.3607, 0.3382, 0.5413, 0.4971],
        [0.5034, 0.7710, 0.2761, 0.0033, 0.5892, 0.0952, 0.2184, 0.6989],
        [0.6182, 0.3122, 0.0896, 0.1596, 0.0574, 0.9065, 0.8951, 0.0171],
        [0.1151, 0.6182, 0.4213, 0.2124, 0.4743, 0.2734, 0.9921, 0.9287]],
       dtype=torch.float64)
V=tensor([[ 1.3226, -0.9283, -0.4366, -0.9348,  0.0548,  2.5034, -0.4848, -1.7946],
        [ 1.3255, -0.9173, -0.4344, -0.9317,  0.0644,  2.4976, -0.4901, -1.7927],
        [ 1.3080, -0.9191, -0.4322, -0.9298,  0.0563,  2.4958, -0.4695, -1.7992],
        [ 1.3279, -0.8600, -0.4126, -0.8602,  0.0315,  2.4558, -0.4728, -1.7753],
        [ 1.3327, -0.6981, -0.3379, -0.6953, -0.0400,  2.3509, -0.4431, -1.7141],
        [ 1.3290, -0.9346, -0.4285, -0.9389,  0.0436,  2.4920, -0.4843, -1.7971],
        [ 1.3106, -0.9135, -0.4181, -0.9280,  0.0471,  2.5027, -0.4741, -1.8083]],
       dtype=torch.float64, grad_fn=<MmBackward0>) V.shape=torch.Size([7, 8]) self.W_v=tensor([[0.4771, 0.7317, 0.0576, 0.9432, 0.9486, 0.5513, 0.4101, 0.7596],
        [0.1079, 0.4531, 0.1762, 0.8590, 0.4101, 0.0046, 0.5489, 0.3399],
        [0.4035, 0.6980, 0.4398, 0.2253, 0.2283, 0.5055, 0.3547, 0.1605],
        [0.6428, 0.4947, 0.3211, 0.0070, 0.9626, 0.4930, 0.1573, 0.1466],
        [0.4337, 0.5801, 0.0415, 0.5750, 0.9796, 0.8258, 0.2627, 0.8009],
        [0.8512, 0.7802, 0.6454, 0.5386, 0.1792, 0.1877, 0.2942, 0.5359],
        [0.1093, 0.8584, 0.9864, 0.1241, 0.7169, 0.0822, 0.4824, 0.6482],
        [0.8485, 0.3716, 0.2252, 0.5579, 0.7592, 0.0820, 0.2454, 0.7402],
        [0.4686, 0.3573, 0.9693, 0.3870, 0.2020, 0.6892, 0.3514, 0.2458],
        [0.1752, 0.0981, 0.2589, 0.0731, 0.5745, 0.6247, 0.7559, 0.3685],
        [0.3979, 0.9075, 0.8795, 0.0108, 0.7215, 0.9119, 0.8867, 0.1758],
        [0.9790, 0.9240, 0.8681, 0.5926, 0.6049, 0.1070, 0.3841, 0.1247],
        [0.9284, 0.4158, 0.5685, 0.4974, 0.3686, 0.7431, 0.1817, 0.1600],
        [0.2541, 0.0690, 0.3611, 0.1814, 0.9477, 0.6948, 0.5803, 0.5864],
        [0.0111, 0.9819, 0.5165, 0.9790, 0.8677, 0.8973, 0.9010, 0.4158],
        [0.3229, 0.6110, 0.7758, 0.5179, 0.2733, 0.1066, 0.7092, 0.6586]],
       dtype=torch.float64)
score=tensor([[-2.7685, -2.7792, -2.7787, -2.8874, -3.1521, -2.7399, -2.7787],
        [-2.6892, -2.7007, -2.6992, -2.8118, -3.0843, -2.6620, -2.7008],
        [-2.6892, -2.7007, -2.6992, -2.8118, -3.0843, -2.6620, -2.7008],
        [-2.6892, -2.7007, -2.6992, -2.8118, -3.0843, -2.6620, -2.7008],
        [-2.6892, -2.7007, -2.6992, -2.8118, -3.0843, -2.6620, -2.7008],
        [-2.6775, -2.6892, -2.6876, -2.8012, -3.0762, -2.6499, -2.6892]],
       dtype=torch.float64, grad_fn=<MmBackward0>) score.shape=torch.Size([6, 7])
soft_max_out=tensor([[0.1464, 0.1458, 0.1459, 0.1404, 0.1278, 0.1479, 0.1459],
        [0.1465, 0.1459, 0.1460, 0.1403, 0.1274, 0.1479, 0.1459],
        [0.1465, 0.1459, 0.1460, 0.1403, 0.1274, 0.1479, 0.1459],
        [0.1465, 0.1459, 0.1460, 0.1403, 0.1274, 0.1479, 0.1459],
        [0.1465, 0.1459, 0.1460, 0.1403, 0.1274, 0.1479, 0.1459],
        [0.1465, 0.1459, 0.1460, 0.1403, 0.1273, 0.1480, 0.1459]],
       dtype=torch.float64, grad_fn=<SoftmaxBackward0>) soft_max_out.shape=torch.Size([6, 7])
Z=tensor([[ 1.3221, -0.8851, -0.4157, -0.8921,  0.0383,  2.4735, -0.4747, -1.7844],
        [ 1.3221, -0.8852, -0.4158, -0.8923,  0.0383,  2.4735, -0.4747, -1.7844],
        [ 1.3221, -0.8852, -0.4158, -0.8923,  0.0383,  2.4735, -0.4747, -1.7844],
        [ 1.3221, -0.8852, -0.4158, -0.8923,  0.0383,  2.4735, -0.4747, -1.7844],
        [ 1.3221, -0.8852, -0.4158, -0.8923,  0.0383,  2.4735, -0.4747, -1.7844],
        [ 1.3221, -0.8852, -0.4158, -0.8923,  0.0383,  2.4736, -0.4747, -1.7844]],
       dtype=torch.float64, grad_fn=<MmBackward0>) Z.shape=torch.Size([6, 8])
head=tensor([[ 1.3221, -0.8851, -0.4157, -0.8921,  0.0383,  2.4735, -0.4747, -1.7844,
          1.3221, -0.8851, -0.4157, -0.8921,  0.0383,  2.4735, -0.4747, -1.7844],
        [ 1.3221, -0.8852, -0.4158, -0.8923,  0.0383,  2.4735, -0.4747, -1.7844,
          1.3221, -0.8852, -0.4158, -0.8923,  0.0383,  2.4735, -0.4747, -1.7844],
        [ 1.3221, -0.8852, -0.4158, -0.8923,  0.0383,  2.4735, -0.4747, -1.7844,
          1.3221, -0.8852, -0.4158, -0.8923,  0.0383,  2.4735, -0.4747, -1.7844],
        [ 1.3221, -0.8852, -0.4158, -0.8923,  0.0383,  2.4735, -0.4747, -1.7844,
          1.3221, -0.8852, -0.4158, -0.8923,  0.0383,  2.4735, -0.4747, -1.7844],
        [ 1.3221, -0.8852, -0.4158, -0.8923,  0.0383,  2.4735, -0.4747, -1.7844,
          1.3221, -0.8852, -0.4158, -0.8923,  0.0383,  2.4735, -0.4747, -1.7844],
        [ 1.3221, -0.8852, -0.4158, -0.8923,  0.0383,  2.4736, -0.4747, -1.7844,
          1.3221, -0.8852, -0.4158, -0.8923,  0.0383,  2.4736, -0.4747, -1.7844]],
       dtype=torch.float64, grad_fn=<CatBackward0>)
head.shape=torch.Size([6, 16]) self.W_multi_head.shape=torch.Size([16, 16])
multi_head_out=tensor([[ 1.0369, -3.5299, -0.7717,  0.9163,  3.4306, -2.9390, -0.1173, -2.0728,
          0.2963,  2.3451, -1.3097, -1.6590, -0.2611, -2.7148, -1.0896, -0.1782],
        [ 1.0369, -3.5300, -0.7720,  0.9162,  3.4305, -2.9393, -0.1174, -2.0731,
          0.2962,  2.3451, -1.3098, -1.6592, -0.2612, -2.7150, -1.0899, -0.1782],
        [ 1.0369, -3.5300, -0.7720,  0.9162,  3.4305, -2.9393, -0.1174, -2.0731,
          0.2962,  2.3451, -1.3098, -1.6592, -0.2612, -2.7150, -1.0899, -0.1782],
        [ 1.0369, -3.5300, -0.7720,  0.9162,  3.4305, -2.9393, -0.1174, -2.0731,
          0.2962,  2.3451, -1.3098, -1.6592, -0.2612, -2.7150, -1.0899, -0.1782],
        [ 1.0369, -3.5300, -0.7720,  0.9162,  3.4305, -2.9393, -0.1174, -2.0731,
          0.2962,  2.3451, -1.3098, -1.6592, -0.2612, -2.7150, -1.0899, -0.1782],
        [ 1.0369, -3.5301, -0.7721,  0.9162,  3.4305, -2.9394, -0.1175, -2.0732,
          0.2961,  2.3451, -1.3098, -1.6593, -0.2612, -2.7150, -1.0899, -0.1782]],
       dtype=torch.float64, grad_fn=<MmBackward0>) X_in=tensor([[-1.5838, -0.9134,  0.2710,  0.8473,  1.1252, -0.8614, -1.9999,  0.8223,
          1.5752,  0.3840,  0.8687,  0.2692,  0.2705, -0.5257,  0.5084, -1.0576],
        [-1.5267, -0.8246,  0.3236,  0.9039,  1.1788, -0.8401, -1.9944,  0.8356,
          1.5711,  0.3719,  0.8545,  0.2345,  0.2071, -0.5801,  0.4392, -1.1542],
        [-1.5267, -0.8246,  0.3236,  0.9039,  1.1788, -0.8401, -1.9944,  0.8356,
          1.5711,  0.3719,  0.8545,  0.2345,  0.2071, -0.5801,  0.4392, -1.1542],
        [-1.5267, -0.8246,  0.3236,  0.9039,  1.1788, -0.8401, -1.9944,  0.8356,
          1.5711,  0.3719,  0.8545,  0.2345,  0.2071, -0.5801,  0.4392, -1.1542],
        [-1.5267, -0.8246,  0.3236,  0.9039,  1.1788, -0.8401, -1.9944,  0.8356,
          1.5711,  0.3719,  0.8545,  0.2345,  0.2071, -0.5801,  0.4392, -1.1542],
        [-1.5119, -0.8481,  0.3332,  0.9024,  1.1711, -0.8396, -1.9967,  0.8332,
          1.5801,  0.3701,  0.8470,  0.2325,  0.2229, -0.5896,  0.4404, -1.1470]],
       dtype=torch.float64, grad_fn=<NativeLayerNormBackward0>)
decoder_out=tensor([[-1.5170, -0.8636,  0.3332,  0.9013,  1.1783, -0.8362, -1.9918,  0.8316,
          1.5747,  0.3727,  0.8455,  0.2400,  0.2219, -0.5895,  0.4399, -1.1410],
        [-1.5107, -0.8453,  0.3306,  0.9126,  1.1594, -0.8352, -1.9956,  0.8353,
          1.5759,  0.3760,  0.8555,  0.2266,  0.2150, -0.5953,  0.4482, -1.1530],
        [-1.5107, -0.8453,  0.3306,  0.9126,  1.1594, -0.8352, -1.9956,  0.8353,
          1.5759,  0.3760,  0.8555,  0.2266,  0.2150, -0.5953,  0.4482, -1.1530],
        [-1.5107, -0.8453,  0.3306,  0.9126,  1.1594, -0.8352, -1.9956,  0.8353,
          1.5759,  0.3760,  0.8555,  0.2266,  0.2150, -0.5953,  0.4482, -1.1530],
        [-1.5107, -0.8453,  0.3306,  0.9126,  1.1594, -0.8352, -1.9956,  0.8353,
          1.5759,  0.3760,  0.8555,  0.2266,  0.2150, -0.5953,  0.4482, -1.1530],
        [-1.5140, -0.8464,  0.3294,  0.9099,  1.1651, -0.8341, -1.9942,  0.8372,
          1.5744,  0.3755,  0.8538,  0.2315,  0.2119, -0.5917,  0.4446, -1.1529]],
       dtype=torch.float64, grad_fn=<NativeLayerNormBackward0>) X_out=tensor([[ 0.0000,  1.0000,  2.0000,  3.0000,  4.0000,  5.0000,  6.0000,  7.0000,
          8.0000,  9.0000, 10.0000, 11.0000, 12.0000, 13.0000, 14.0000, 15.0000],
        [-1.1233,  2.4488, -0.4281,  0.6500,  1.2522,  0.2673,  0.3771,  0.7161,
         -0.2296,  0.6136,  1.1893,  0.6170, -1.0088,  1.1986,  0.3484, -0.3813],
        [-1.1233,  2.4488, -0.4281,  0.6500,  1.2522,  0.2673,  0.3771,  0.7161,
         -0.2296,  0.6136,  1.1893,  0.6170, -1.0088,  1.1986,  0.3484, -0.3813],
        [-1.1233,  2.4488, -0.4281,  0.6500,  1.2522,  0.2673,  0.3771,  0.7161,
         -0.2296,  0.6136,  1.1893,  0.6170, -1.0088,  1.1986,  0.3484, -0.3813],
        [-1.1233,  2.4488, -0.4281,  0.6500,  1.2522,  0.2673,  0.3771,  0.7161,
         -0.2296,  0.6136,  1.1893,  0.6170, -1.0088,  1.1986,  0.3484, -0.3813],
        [ 1.0000,  1.0000,  1.0000,  1.0000,  1.0000,  1.0000,  1.0000,  1.0000,
          1.0000,  1.0000,  1.0000,  1.0000,  1.0000,  1.0000,  1.0000,  1.0000],
        [ 1.0000,  1.0000,  1.0000,  1.0000,  1.0000,  1.0000,  1.0000,  1.0000,
          1.0000,  1.0000,  1.0000,  1.0000,  1.0000,  1.0000,  1.0000,  1.0000]],
       dtype=torch.float64, grad_fn=<CopySlices>)
logits_prob=tensor([1.5242e-05, 1.5660e-05, 3.4713e-05,  ..., 2.7300e-05, 4.4179e-05,
        8.2722e-05], dtype=torch.float64, grad_fn=<SoftmaxBackward0>)
X_out=tensor([[ 0.0000,  1.0000,  2.0000,  3.0000,  4.0000,  5.0000,  6.0000,  7.0000,
          8.0000,  9.0000, 10.0000, 11.0000, 12.0000, 13.0000, 14.0000, 15.0000],
        [-1.1233,  2.4488, -0.4281,  0.6500,  1.2522,  0.2673,  0.3771,  0.7161,
         -0.2296,  0.6136,  1.1893,  0.6170, -1.0088,  1.1986,  0.3484, -0.3813],
        [-1.1233,  2.4488, -0.4281,  0.6500,  1.2522,  0.2673,  0.3771,  0.7161,
         -0.2296,  0.6136,  1.1893,  0.6170, -1.0088,  1.1986,  0.3484, -0.3813],
        [-1.1233,  2.4488, -0.4281,  0.6500,  1.2522,  0.2673,  0.3771,  0.7161,
         -0.2296,  0.6136,  1.1893,  0.6170, -1.0088,  1.1986,  0.3484, -0.3813],
        [-1.1233,  2.4488, -0.4281,  0.6500,  1.2522,  0.2673,  0.3771,  0.7161,
         -0.2296,  0.6136,  1.1893,  0.6170, -1.0088,  1.1986,  0.3484, -0.3813],
        [ 1.0000,  1.0000,  1.0000,  1.0000,  1.0000,  1.0000,  1.0000,  1.0000,
          1.0000,  1.0000,  1.0000,  1.0000,  1.0000,  1.0000,  1.0000,  1.0000],
        [ 1.0000,  1.0000,  1.0000,  1.0000,  1.0000,  1.0000,  1.0000,  1.0000,
          1.0000,  1.0000,  1.0000,  1.0000,  1.0000,  1.0000,  1.0000,  1.0000]],
       dtype=torch.float64, grad_fn=<CopySlices>) token_embedding=tensor([[-1.1233,  2.4488, -0.4281,  0.6500,  1.2522,  0.2673,  0.3771,  0.7161,
         -0.2296,  0.6136,  1.1893,  0.6170, -1.0088,  1.1986,  0.3484, -0.3813]],
       dtype=torch.float64, grad_fn=<CopySlices>)
X_out=tensor([[ 0.0000,  1.0000,  2.0000,  3.0000,  4.0000,  5.0000,  6.0000,  7.0000,
          8.0000,  9.0000, 10.0000, 11.0000, 12.0000, 13.0000, 14.0000, 15.0000],
        [-1.1233,  2.4488, -0.4281,  0.6500,  1.2522,  0.2673,  0.3771,  0.7161,
         -0.2296,  0.6136,  1.1893,  0.6170, -1.0088,  1.1986,  0.3484, -0.3813],
        [-1.1233,  2.4488, -0.4281,  0.6500,  1.2522,  0.2673,  0.3771,  0.7161,
         -0.2296,  0.6136,  1.1893,  0.6170, -1.0088,  1.1986,  0.3484, -0.3813],
        [-1.1233,  2.4488, -0.4281,  0.6500,  1.2522,  0.2673,  0.3771,  0.7161,
         -0.2296,  0.6136,  1.1893,  0.6170, -1.0088,  1.1986,  0.3484, -0.3813],
        [-1.1233,  2.4488, -0.4281,  0.6500,  1.2522,  0.2673,  0.3771,  0.7161,
         -0.2296,  0.6136,  1.1893,  0.6170, -1.0088,  1.1986,  0.3484, -0.3813],
        [-1.1233,  2.4488, -0.4281,  0.6500,  1.2522,  0.2673,  0.3771,  0.7161,
         -0.2296,  0.6136,  1.1893,  0.6170, -1.0088,  1.1986,  0.3484, -0.3813],
        [ 1.0000,  1.0000,  1.0000,  1.0000,  1.0000,  1.0000,  1.0000,  1.0000,
          1.0000,  1.0000,  1.0000,  1.0000,  1.0000,  1.0000,  1.0000,  1.0000]],
       dtype=torch.float64, grad_fn=<CopySlices>)
Next token is: northwest X_input: X_in=tensor([[ 0.0000,  1.0000,  2.0000,  3.0000,  4.0000,  5.0000,  6.0000,  7.0000,
          8.0000,  9.0000, 10.0000, 11.0000, 12.0000, 13.0000, 14.0000, 15.0000],
        [-1.1233,  2.4488, -0.4281,  0.6500,  1.2522,  0.2673,  0.3771,  0.7161,
         -0.2296,  0.6136,  1.1893,  0.6170, -1.0088,  1.1986,  0.3484, -0.3813],
        [-1.1233,  2.4488, -0.4281,  0.6500,  1.2522,  0.2673,  0.3771,  0.7161,
         -0.2296,  0.6136,  1.1893,  0.6170, -1.0088,  1.1986,  0.3484, -0.3813],
        [-1.1233,  2.4488, -0.4281,  0.6500,  1.2522,  0.2673,  0.3771,  0.7161,
         -0.2296,  0.6136,  1.1893,  0.6170, -1.0088,  1.1986,  0.3484, -0.3813],
        [-1.1233,  2.4488, -0.4281,  0.6500,  1.2522,  0.2673,  0.3771,  0.7161,
         -0.2296,  0.6136,  1.1893,  0.6170, -1.0088,  1.1986,  0.3484, -0.3813],
        [-1.1233,  2.4488, -0.4281,  0.6500,  1.2522,  0.2673,  0.3771,  0.7161,
         -0.2296,  0.6136,  1.1893,  0.6170, -1.0088,  1.1986,  0.3484, -0.3813],
        [ 1.0000,  1.0000,  1.0000,  1.0000,  1.0000,  1.0000,  1.0000,  1.0000,
          1.0000,  1.0000,  1.0000,  1.0000,  1.0000,  1.0000,  1.0000,  1.0000]],
       dtype=torch.float64, grad_fn=<AliasBackward0>)
X_in=tensor([[ 0.0000,  1.0000,  2.0000,  3.0000,  4.0000,  5.0000,  6.0000,  7.0000,
          8.0000,  9.0000, 10.0000, 11.0000, 12.0000, 13.0000, 14.0000, 15.0000],
        [-1.1233,  2.4488, -0.4281,  0.6500,  1.2522,  0.2673,  0.3771,  0.7161,
         -0.2296,  0.6136,  1.1893,  0.6170, -1.0088,  1.1986,  0.3484, -0.3813],
        [-1.1233,  2.4488, -0.4281,  0.6500,  1.2522,  0.2673,  0.3771,  0.7161,
         -0.2296,  0.6136,  1.1893,  0.6170, -1.0088,  1.1986,  0.3484, -0.3813],
        [-1.1233,  2.4488, -0.4281,  0.6500,  1.2522,  0.2673,  0.3771,  0.7161,
         -0.2296,  0.6136,  1.1893,  0.6170, -1.0088,  1.1986,  0.3484, -0.3813],
        [-1.1233,  2.4488, -0.4281,  0.6500,  1.2522,  0.2673,  0.3771,  0.7161,
         -0.2296,  0.6136,  1.1893,  0.6170, -1.0088,  1.1986,  0.3484, -0.3813],
        [-1.1233,  2.4488, -0.4281,  0.6500,  1.2522,  0.2673,  0.3771,  0.7161,
         -0.2296,  0.6136,  1.1893,  0.6170, -1.0088,  1.1986,  0.3484, -0.3813],
        [ 1.0000,  1.0000,  1.0000,  1.0000,  1.0000,  1.0000,  1.0000,  1.0000,
          1.0000,  1.0000,  1.0000,  1.0000,  1.0000,  1.0000,  1.0000,  1.0000]],
       dtype=torch.float64, grad_fn=<AliasBackward0>)
Q=tensor([[63.1846, 56.3415, 78.5034, 54.7119, 81.4926, 60.7211, 61.2801, 69.6383],
        [ 4.6218,  2.9951,  4.2466,  2.3625,  4.9434,  3.6232,  3.2498,  2.2918],
        [ 4.6218,  2.9951,  4.2466,  2.3625,  4.9434,  3.6232,  3.2498,  2.2918],
        [ 4.6218,  2.9951,  4.2466,  2.3625,  4.9434,  3.6232,  3.2498,  2.2918],
        [ 4.6218,  2.9951,  4.2466,  2.3625,  4.9434,  3.6232,  3.2498,  2.2918],
        [ 4.6218,  2.9951,  4.2466,  2.3625,  4.9434,  3.6232,  3.2498,  2.2918],
        [ 7.9810,  6.9044,  9.5463,  7.2480, 10.8693,  7.9736,  8.1592,  8.6183]],
       dtype=torch.float64, grad_fn=<MmBackward0>) Q.shape=torch.Size([7, 8]) self.W_q=tensor([[0.0611, 0.2246, 0.2343, 0.1771, 0.5561, 0.1094, 0.4609, 0.7084],
        [0.5798, 0.4967, 0.5104, 0.3295, 0.7182, 0.3845, 0.0898, 0.1175],
        [0.6402, 0.1968, 0.5124, 0.7118, 0.9249, 0.9997, 0.8927, 0.8767],
        [0.8450, 0.1544, 0.1705, 0.9842, 0.8127, 0.4358, 0.4143, 0.4284],
        [0.7578, 0.9225, 0.9643, 0.1760, 0.9539, 0.3134, 0.4544, 0.2956],
        [0.1875, 0.2433, 0.3493, 0.4441, 0.4069, 0.2859, 0.8036, 0.3218],
        [0.3639, 0.2985, 0.6635, 0.2552, 0.4144, 0.8396, 0.7418, 0.2865],
        [0.7929, 0.5001, 0.8977, 0.1051, 0.5809, 0.9867, 0.1315, 0.2391],
        [0.3047, 0.5158, 0.4514, 0.4929, 0.5301, 0.2647, 0.1671, 0.5482],
        [0.2380, 0.5374, 0.4422, 0.6454, 0.5376, 0.2245, 0.6632, 0.8439],
        [0.0109, 0.2807, 0.9301, 0.5438, 0.8123, 0.7750, 0.7308, 0.9924],
        [0.7282, 0.2328, 0.9997, 0.5540, 0.4200, 0.5419, 0.8642, 0.4312],
        [0.1213, 0.8956, 0.8784, 0.9128, 0.9688, 0.4150, 0.4094, 0.6885],
        [0.6800, 0.6415, 0.4019, 0.4875, 0.9569, 0.5172, 0.9534, 0.8540],
        [0.9555, 0.0836, 0.1684, 0.1883, 0.9384, 0.3543, 0.2027, 0.5069],
        [0.7145, 0.6801, 0.9717, 0.2403, 0.3372, 0.5260, 0.1794, 0.4793]],
       dtype=torch.float64)
K=tensor([[57.7107, 59.4244, 49.3530, 49.7288, 47.0641, 65.8137, 62.2513, 63.2208],
        [ 3.3079,  3.1185,  2.3897,  3.1224,  2.2688,  4.5885,  3.1299,  2.4468],
        [ 3.3079,  3.1185,  2.3897,  3.1224,  2.2688,  4.5885,  3.1299,  2.4468],
        [ 3.3079,  3.1185,  2.3897,  3.1224,  2.2688,  4.5885,  3.1299,  2.4468],
        [ 3.3079,  3.1185,  2.3897,  3.1224,  2.2688,  4.5885,  3.1299,  2.4468],
        [ 3.3079,  3.1185,  2.3897,  3.1224,  2.2688,  4.5885,  3.1299,  2.4468],
        [ 8.8189,  6.3592,  7.8348,  6.8790,  7.3960,  9.4909,  7.2963,  7.6935]],
       dtype=torch.float64, grad_fn=<MmBackward0>) K.shape=torch.Size([7, 8]) tensor([[0.9176, 0.0969, 0.7088, 0.5403, 0.9133, 0.5257, 0.1204, 0.2669],
        [0.6928, 0.4623, 0.0821, 0.6830, 0.6197, 0.8080, 0.7328, 0.3664],
        [0.9414, 0.1970, 0.7579, 0.1139, 0.7440, 0.7068, 0.7945, 0.6953],
        [0.4236, 0.1344, 0.8726, 0.0248, 0.1871, 0.4442, 0.0288, 0.1701],
        [0.5530, 0.3270, 0.7248, 0.3561, 0.3695, 0.8486, 0.3875, 0.1408],
        [0.4006, 0.0171, 0.7371, 0.6248, 0.5112, 0.6141, 0.4584, 0.3932],
        [0.9174, 0.2641, 0.5383, 0.1304, 0.2692, 0.5418, 0.0513, 0.7104],
        [0.2190, 0.5117, 0.4089, 0.7485, 0.9291, 0.5215, 0.6378, 0.5737],
        [0.1116, 0.2890, 0.3665, 0.5505, 0.4982, 0.8949, 0.1929, 0.6126],
        [0.9573, 0.3505, 0.9706, 0.8580, 0.6232, 0.6595, 0.0853, 0.7083],
        [0.3387, 0.3283, 0.1897, 0.6480, 0.0071, 0.7271, 0.5857, 0.4027],
        [0.5211, 0.9657, 0.5535, 0.6017, 0.2427, 0.5854, 0.5740, 0.5110],
        [0.5883, 0.7138, 0.1372, 0.6238, 0.3607, 0.3382, 0.5413, 0.4971],
        [0.5034, 0.7710, 0.2761, 0.0033, 0.5892, 0.0952, 0.2184, 0.6989],
        [0.6182, 0.3122, 0.0896, 0.1596, 0.0574, 0.9065, 0.8951, 0.0171],
        [0.1151, 0.6182, 0.4213, 0.2124, 0.4743, 0.2734, 0.9921, 0.9287]],
       dtype=torch.float64)
V=tensor([[54.9449, 69.0846, 71.7182, 51.1534, 71.8309, 61.3478, 64.5468, 49.7106],
        [ 1.7185,  3.2349,  2.4065,  2.4562,  5.0550,  2.4008,  3.8297,  2.8174],
        [ 1.7185,  3.2349,  2.4065,  2.4562,  5.0550,  2.4008,  3.8297,  2.8174],
        [ 1.7185,  3.2349,  2.4065,  2.4562,  5.0550,  2.4008,  3.8297,  2.8174],
        [ 1.7185,  3.2349,  2.4065,  2.4562,  5.0550,  2.4008,  3.8297,  2.8174],
        [ 1.7185,  3.2349,  2.4065,  2.4562,  5.0550,  2.4008,  3.8297,  2.8174],
        [ 7.4111,  9.3323,  8.0908,  7.0691,  9.7448,  7.5069,  7.5059,  6.8674]],
       dtype=torch.float64, grad_fn=<MmBackward0>) V.shape=torch.Size([7, 8]) self.W_v=tensor([[0.4771, 0.7317, 0.0576, 0.9432, 0.9486, 0.5513, 0.4101, 0.7596],
        [0.1079, 0.4531, 0.1762, 0.8590, 0.4101, 0.0046, 0.5489, 0.3399],
        [0.4035, 0.6980, 0.4398, 0.2253, 0.2283, 0.5055, 0.3547, 0.1605],
        [0.6428, 0.4947, 0.3211, 0.0070, 0.9626, 0.4930, 0.1573, 0.1466],
        [0.4337, 0.5801, 0.0415, 0.5750, 0.9796, 0.8258, 0.2627, 0.8009],
        [0.8512, 0.7802, 0.6454, 0.5386, 0.1792, 0.1877, 0.2942, 0.5359],
        [0.1093, 0.8584, 0.9864, 0.1241, 0.7169, 0.0822, 0.4824, 0.6482],
        [0.8485, 0.3716, 0.2252, 0.5579, 0.7592, 0.0820, 0.2454, 0.7402],
        [0.4686, 0.3573, 0.9693, 0.3870, 0.2020, 0.6892, 0.3514, 0.2458],
        [0.1752, 0.0981, 0.2589, 0.0731, 0.5745, 0.6247, 0.7559, 0.3685],
        [0.3979, 0.9075, 0.8795, 0.0108, 0.7215, 0.9119, 0.8867, 0.1758],
        [0.9790, 0.9240, 0.8681, 0.5926, 0.6049, 0.1070, 0.3841, 0.1247],
        [0.9284, 0.4158, 0.5685, 0.4974, 0.3686, 0.7431, 0.1817, 0.1600],
        [0.2541, 0.0690, 0.3611, 0.1814, 0.9477, 0.6948, 0.5803, 0.5864],
        [0.0111, 0.9819, 0.5165, 0.9790, 0.8677, 0.8973, 0.9010, 0.4158],
        [0.3229, 0.6110, 0.7758, 0.5179, 0.2733, 0.1066, 0.7092, 0.6586]],
       dtype=torch.float64)
score=tensor([[29638.6438,  1568.8345,  1568.8345,  1568.8345,  1568.8345,  1568.8345,
          4068.8283],
        [ 1590.0832,    85.7729,    85.7729,    85.7729,    85.7729,    85.7729,
           221.6211],
        [ 1590.0832,    85.7729,    85.7729,    85.7729,    85.7729,    85.7729,
           221.6211],
        [ 1590.0832,    85.7729,    85.7729,    85.7729,    85.7729,    85.7729,
           221.6211],
        [ 1590.0832,    85.7729,    85.7729,    85.7729,    85.7729,    85.7729,
           221.6211],
        [ 1590.0832,    85.7729,    85.7729,    85.7729,    85.7729,    85.7729,
           221.6211],
        [ 3791.5562,   201.2466,   201.2466,   201.2466,   201.2466,   201.2466,
           520.8459]], dtype=torch.float64, grad_fn=<MmBackward0>) score.shape=torch.Size([7, 7])
Score masked: score=tensor([[10478.8430,       -inf,       -inf,       -inf,       -inf,       -inf,
               -inf],
        [  562.1793,    30.3253,       -inf,       -inf,       -inf,       -inf,
               -inf],
        [  562.1793,    30.3253,    30.3253,       -inf,       -inf,       -inf,
               -inf],
        [  562.1793,    30.3253,    30.3253,    30.3253,       -inf,       -inf,
               -inf],
        [  562.1793,    30.3253,    30.3253,    30.3253,    30.3253,       -inf,
               -inf],
        [  562.1793,    30.3253,    30.3253,    30.3253,    30.3253,    30.3253,
               -inf],
        [ 1340.5175,    71.1514,    71.1514,    71.1514,    71.1514,    71.1514,
           184.1468]], dtype=torch.float64, grad_fn=<MaskedFillBackward0>) mask=tensor([[1, 0, 0, 0, 0, 0, 0],
        [1, 1, 0, 0, 0, 0, 0],
        [1, 1, 1, 0, 0, 0, 0],
        [1, 1, 1, 1, 0, 0, 0],
        [1, 1, 1, 1, 1, 0, 0],
        [1, 1, 1, 1, 1, 1, 0],
        [1, 1, 1, 1, 1, 1, 1]], dtype=torch.int32)
soft_max_out=tensor([[ 1.0000e+00,  0.0000e+00,  0.0000e+00,  0.0000e+00,  0.0000e+00,
          0.0000e+00,  0.0000e+00],
        [ 1.0000e+00, 1.0441e-231,  0.0000e+00,  0.0000e+00,  0.0000e+00,
          0.0000e+00,  0.0000e+00],
        [ 1.0000e+00, 1.0441e-231, 1.0441e-231,  0.0000e+00,  0.0000e+00,
          0.0000e+00,  0.0000e+00],
        [ 1.0000e+00, 1.0441e-231, 1.0441e-231, 1.0441e-231,  0.0000e+00,
          0.0000e+00,  0.0000e+00],
        [ 1.0000e+00, 1.0441e-231, 1.0441e-231, 1.0441e-231, 1.0441e-231,
          0.0000e+00,  0.0000e+00],
        [ 1.0000e+00, 1.0441e-231, 1.0441e-231, 1.0441e-231, 1.0441e-231,
         1.0441e-231,  0.0000e+00],
        [ 1.0000e+00,  0.0000e+00,  0.0000e+00,  0.0000e+00,  0.0000e+00,
          0.0000e+00,  0.0000e+00]], dtype=torch.float64,
       grad_fn=<SoftmaxBackward0>) soft_max_out.shape=torch.Size([7, 7])
Z=tensor([[54.9449, 69.0846, 71.7182, 51.1534, 71.8309, 61.3478, 64.5468, 49.7106],
        [54.9449, 69.0846, 71.7182, 51.1534, 71.8309, 61.3478, 64.5468, 49.7106],
        [54.9449, 69.0846, 71.7182, 51.1534, 71.8309, 61.3478, 64.5468, 49.7106],
        [54.9449, 69.0846, 71.7182, 51.1534, 71.8309, 61.3478, 64.5468, 49.7106],
        [54.9449, 69.0846, 71.7182, 51.1534, 71.8309, 61.3478, 64.5468, 49.7106],
        [54.9449, 69.0846, 71.7182, 51.1534, 71.8309, 61.3478, 64.5468, 49.7106],
        [54.9449, 69.0846, 71.7182, 51.1534, 71.8309, 61.3478, 64.5468, 49.7106]],
       dtype=torch.float64, grad_fn=<MmBackward0>) Z.shape=torch.Size([7, 8])
X_in=tensor([[ 0.0000,  1.0000,  2.0000,  3.0000,  4.0000,  5.0000,  6.0000,  7.0000,
          8.0000,  9.0000, 10.0000, 11.0000, 12.0000, 13.0000, 14.0000, 15.0000],
        [-1.1233,  2.4488, -0.4281,  0.6500,  1.2522,  0.2673,  0.3771,  0.7161,
         -0.2296,  0.6136,  1.1893,  0.6170, -1.0088,  1.1986,  0.3484, -0.3813],
        [-1.1233,  2.4488, -0.4281,  0.6500,  1.2522,  0.2673,  0.3771,  0.7161,
         -0.2296,  0.6136,  1.1893,  0.6170, -1.0088,  1.1986,  0.3484, -0.3813],
        [-1.1233,  2.4488, -0.4281,  0.6500,  1.2522,  0.2673,  0.3771,  0.7161,
         -0.2296,  0.6136,  1.1893,  0.6170, -1.0088,  1.1986,  0.3484, -0.3813],
        [-1.1233,  2.4488, -0.4281,  0.6500,  1.2522,  0.2673,  0.3771,  0.7161,
         -0.2296,  0.6136,  1.1893,  0.6170, -1.0088,  1.1986,  0.3484, -0.3813],
        [-1.1233,  2.4488, -0.4281,  0.6500,  1.2522,  0.2673,  0.3771,  0.7161,
         -0.2296,  0.6136,  1.1893,  0.6170, -1.0088,  1.1986,  0.3484, -0.3813],
        [ 1.0000,  1.0000,  1.0000,  1.0000,  1.0000,  1.0000,  1.0000,  1.0000,
          1.0000,  1.0000,  1.0000,  1.0000,  1.0000,  1.0000,  1.0000,  1.0000]],
       dtype=torch.float64, grad_fn=<AliasBackward0>)
Q=tensor([[63.1846, 56.3415, 78.5034, 54.7119, 81.4926, 60.7211, 61.2801, 69.6383],
        [ 4.6218,  2.9951,  4.2466,  2.3625,  4.9434,  3.6232,  3.2498,  2.2918],
        [ 4.6218,  2.9951,  4.2466,  2.3625,  4.9434,  3.6232,  3.2498,  2.2918],
        [ 4.6218,  2.9951,  4.2466,  2.3625,  4.9434,  3.6232,  3.2498,  2.2918],
        [ 4.6218,  2.9951,  4.2466,  2.3625,  4.9434,  3.6232,  3.2498,  2.2918],
        [ 4.6218,  2.9951,  4.2466,  2.3625,  4.9434,  3.6232,  3.2498,  2.2918],
        [ 7.9810,  6.9044,  9.5463,  7.2480, 10.8693,  7.9736,  8.1592,  8.6183]],
       dtype=torch.float64, grad_fn=<MmBackward0>) Q.shape=torch.Size([7, 8]) self.W_q=tensor([[0.0611, 0.2246, 0.2343, 0.1771, 0.5561, 0.1094, 0.4609, 0.7084],
        [0.5798, 0.4967, 0.5104, 0.3295, 0.7182, 0.3845, 0.0898, 0.1175],
        [0.6402, 0.1968, 0.5124, 0.7118, 0.9249, 0.9997, 0.8927, 0.8767],
        [0.8450, 0.1544, 0.1705, 0.9842, 0.8127, 0.4358, 0.4143, 0.4284],
        [0.7578, 0.9225, 0.9643, 0.1760, 0.9539, 0.3134, 0.4544, 0.2956],
        [0.1875, 0.2433, 0.3493, 0.4441, 0.4069, 0.2859, 0.8036, 0.3218],
        [0.3639, 0.2985, 0.6635, 0.2552, 0.4144, 0.8396, 0.7418, 0.2865],
        [0.7929, 0.5001, 0.8977, 0.1051, 0.5809, 0.9867, 0.1315, 0.2391],
        [0.3047, 0.5158, 0.4514, 0.4929, 0.5301, 0.2647, 0.1671, 0.5482],
        [0.2380, 0.5374, 0.4422, 0.6454, 0.5376, 0.2245, 0.6632, 0.8439],
        [0.0109, 0.2807, 0.9301, 0.5438, 0.8123, 0.7750, 0.7308, 0.9924],
        [0.7282, 0.2328, 0.9997, 0.5540, 0.4200, 0.5419, 0.8642, 0.4312],
        [0.1213, 0.8956, 0.8784, 0.9128, 0.9688, 0.4150, 0.4094, 0.6885],
        [0.6800, 0.6415, 0.4019, 0.4875, 0.9569, 0.5172, 0.9534, 0.8540],
        [0.9555, 0.0836, 0.1684, 0.1883, 0.9384, 0.3543, 0.2027, 0.5069],
        [0.7145, 0.6801, 0.9717, 0.2403, 0.3372, 0.5260, 0.1794, 0.4793]],
       dtype=torch.float64)
K=tensor([[57.7107, 59.4244, 49.3530, 49.7288, 47.0641, 65.8137, 62.2513, 63.2208],
        [ 3.3079,  3.1185,  2.3897,  3.1224,  2.2688,  4.5885,  3.1299,  2.4468],
        [ 3.3079,  3.1185,  2.3897,  3.1224,  2.2688,  4.5885,  3.1299,  2.4468],
        [ 3.3079,  3.1185,  2.3897,  3.1224,  2.2688,  4.5885,  3.1299,  2.4468],
        [ 3.3079,  3.1185,  2.3897,  3.1224,  2.2688,  4.5885,  3.1299,  2.4468],
        [ 3.3079,  3.1185,  2.3897,  3.1224,  2.2688,  4.5885,  3.1299,  2.4468],
        [ 8.8189,  6.3592,  7.8348,  6.8790,  7.3960,  9.4909,  7.2963,  7.6935]],
       dtype=torch.float64, grad_fn=<MmBackward0>) K.shape=torch.Size([7, 8]) tensor([[0.9176, 0.0969, 0.7088, 0.5403, 0.9133, 0.5257, 0.1204, 0.2669],
        [0.6928, 0.4623, 0.0821, 0.6830, 0.6197, 0.8080, 0.7328, 0.3664],
        [0.9414, 0.1970, 0.7579, 0.1139, 0.7440, 0.7068, 0.7945, 0.6953],
        [0.4236, 0.1344, 0.8726, 0.0248, 0.1871, 0.4442, 0.0288, 0.1701],
        [0.5530, 0.3270, 0.7248, 0.3561, 0.3695, 0.8486, 0.3875, 0.1408],
        [0.4006, 0.0171, 0.7371, 0.6248, 0.5112, 0.6141, 0.4584, 0.3932],
        [0.9174, 0.2641, 0.5383, 0.1304, 0.2692, 0.5418, 0.0513, 0.7104],
        [0.2190, 0.5117, 0.4089, 0.7485, 0.9291, 0.5215, 0.6378, 0.5737],
        [0.1116, 0.2890, 0.3665, 0.5505, 0.4982, 0.8949, 0.1929, 0.6126],
        [0.9573, 0.3505, 0.9706, 0.8580, 0.6232, 0.6595, 0.0853, 0.7083],
        [0.3387, 0.3283, 0.1897, 0.6480, 0.0071, 0.7271, 0.5857, 0.4027],
        [0.5211, 0.9657, 0.5535, 0.6017, 0.2427, 0.5854, 0.5740, 0.5110],
        [0.5883, 0.7138, 0.1372, 0.6238, 0.3607, 0.3382, 0.5413, 0.4971],
        [0.5034, 0.7710, 0.2761, 0.0033, 0.5892, 0.0952, 0.2184, 0.6989],
        [0.6182, 0.3122, 0.0896, 0.1596, 0.0574, 0.9065, 0.8951, 0.0171],
        [0.1151, 0.6182, 0.4213, 0.2124, 0.4743, 0.2734, 0.9921, 0.9287]],
       dtype=torch.float64)
V=tensor([[54.9449, 69.0846, 71.7182, 51.1534, 71.8309, 61.3478, 64.5468, 49.7106],
        [ 1.7185,  3.2349,  2.4065,  2.4562,  5.0550,  2.4008,  3.8297,  2.8174],
        [ 1.7185,  3.2349,  2.4065,  2.4562,  5.0550,  2.4008,  3.8297,  2.8174],
        [ 1.7185,  3.2349,  2.4065,  2.4562,  5.0550,  2.4008,  3.8297,  2.8174],
        [ 1.7185,  3.2349,  2.4065,  2.4562,  5.0550,  2.4008,  3.8297,  2.8174],
        [ 1.7185,  3.2349,  2.4065,  2.4562,  5.0550,  2.4008,  3.8297,  2.8174],
        [ 7.4111,  9.3323,  8.0908,  7.0691,  9.7448,  7.5069,  7.5059,  6.8674]],
       dtype=torch.float64, grad_fn=<MmBackward0>) V.shape=torch.Size([7, 8]) self.W_v=tensor([[0.4771, 0.7317, 0.0576, 0.9432, 0.9486, 0.5513, 0.4101, 0.7596],
        [0.1079, 0.4531, 0.1762, 0.8590, 0.4101, 0.0046, 0.5489, 0.3399],
        [0.4035, 0.6980, 0.4398, 0.2253, 0.2283, 0.5055, 0.3547, 0.1605],
        [0.6428, 0.4947, 0.3211, 0.0070, 0.9626, 0.4930, 0.1573, 0.1466],
        [0.4337, 0.5801, 0.0415, 0.5750, 0.9796, 0.8258, 0.2627, 0.8009],
        [0.8512, 0.7802, 0.6454, 0.5386, 0.1792, 0.1877, 0.2942, 0.5359],
        [0.1093, 0.8584, 0.9864, 0.1241, 0.7169, 0.0822, 0.4824, 0.6482],
        [0.8485, 0.3716, 0.2252, 0.5579, 0.7592, 0.0820, 0.2454, 0.7402],
        [0.4686, 0.3573, 0.9693, 0.3870, 0.2020, 0.6892, 0.3514, 0.2458],
        [0.1752, 0.0981, 0.2589, 0.0731, 0.5745, 0.6247, 0.7559, 0.3685],
        [0.3979, 0.9075, 0.8795, 0.0108, 0.7215, 0.9119, 0.8867, 0.1758],
        [0.9790, 0.9240, 0.8681, 0.5926, 0.6049, 0.1070, 0.3841, 0.1247],
        [0.9284, 0.4158, 0.5685, 0.4974, 0.3686, 0.7431, 0.1817, 0.1600],
        [0.2541, 0.0690, 0.3611, 0.1814, 0.9477, 0.6948, 0.5803, 0.5864],
        [0.0111, 0.9819, 0.5165, 0.9790, 0.8677, 0.8973, 0.9010, 0.4158],
        [0.3229, 0.6110, 0.7758, 0.5179, 0.2733, 0.1066, 0.7092, 0.6586]],
       dtype=torch.float64)
score=tensor([[29638.6438,  1568.8345,  1568.8345,  1568.8345,  1568.8345,  1568.8345,
          4068.8283],
        [ 1590.0832,    85.7729,    85.7729,    85.7729,    85.7729,    85.7729,
           221.6211],
        [ 1590.0832,    85.7729,    85.7729,    85.7729,    85.7729,    85.7729,
           221.6211],
        [ 1590.0832,    85.7729,    85.7729,    85.7729,    85.7729,    85.7729,
           221.6211],
        [ 1590.0832,    85.7729,    85.7729,    85.7729,    85.7729,    85.7729,
           221.6211],
        [ 1590.0832,    85.7729,    85.7729,    85.7729,    85.7729,    85.7729,
           221.6211],
        [ 3791.5562,   201.2466,   201.2466,   201.2466,   201.2466,   201.2466,
           520.8459]], dtype=torch.float64, grad_fn=<MmBackward0>) score.shape=torch.Size([7, 7])
Score masked: score=tensor([[10478.8430,       -inf,       -inf,       -inf,       -inf,       -inf,
               -inf],
        [  562.1793,    30.3253,       -inf,       -inf,       -inf,       -inf,
               -inf],
        [  562.1793,    30.3253,    30.3253,       -inf,       -inf,       -inf,
               -inf],
        [  562.1793,    30.3253,    30.3253,    30.3253,       -inf,       -inf,
               -inf],
        [  562.1793,    30.3253,    30.3253,    30.3253,    30.3253,       -inf,
               -inf],
        [  562.1793,    30.3253,    30.3253,    30.3253,    30.3253,    30.3253,
               -inf],
        [ 1340.5175,    71.1514,    71.1514,    71.1514,    71.1514,    71.1514,
           184.1468]], dtype=torch.float64, grad_fn=<MaskedFillBackward0>) mask=tensor([[1, 0, 0, 0, 0, 0, 0],
        [1, 1, 0, 0, 0, 0, 0],
        [1, 1, 1, 0, 0, 0, 0],
        [1, 1, 1, 1, 0, 0, 0],
        [1, 1, 1, 1, 1, 0, 0],
        [1, 1, 1, 1, 1, 1, 0],
        [1, 1, 1, 1, 1, 1, 1]], dtype=torch.int32)
soft_max_out=tensor([[ 1.0000e+00,  0.0000e+00,  0.0000e+00,  0.0000e+00,  0.0000e+00,
          0.0000e+00,  0.0000e+00],
        [ 1.0000e+00, 1.0441e-231,  0.0000e+00,  0.0000e+00,  0.0000e+00,
          0.0000e+00,  0.0000e+00],
        [ 1.0000e+00, 1.0441e-231, 1.0441e-231,  0.0000e+00,  0.0000e+00,
          0.0000e+00,  0.0000e+00],
        [ 1.0000e+00, 1.0441e-231, 1.0441e-231, 1.0441e-231,  0.0000e+00,
          0.0000e+00,  0.0000e+00],
        [ 1.0000e+00, 1.0441e-231, 1.0441e-231, 1.0441e-231, 1.0441e-231,
          0.0000e+00,  0.0000e+00],
        [ 1.0000e+00, 1.0441e-231, 1.0441e-231, 1.0441e-231, 1.0441e-231,
         1.0441e-231,  0.0000e+00],
        [ 1.0000e+00,  0.0000e+00,  0.0000e+00,  0.0000e+00,  0.0000e+00,
          0.0000e+00,  0.0000e+00]], dtype=torch.float64,
       grad_fn=<SoftmaxBackward0>) soft_max_out.shape=torch.Size([7, 7])
Z=tensor([[54.9449, 69.0846, 71.7182, 51.1534, 71.8309, 61.3478, 64.5468, 49.7106],
        [54.9449, 69.0846, 71.7182, 51.1534, 71.8309, 61.3478, 64.5468, 49.7106],
        [54.9449, 69.0846, 71.7182, 51.1534, 71.8309, 61.3478, 64.5468, 49.7106],
        [54.9449, 69.0846, 71.7182, 51.1534, 71.8309, 61.3478, 64.5468, 49.7106],
        [54.9449, 69.0846, 71.7182, 51.1534, 71.8309, 61.3478, 64.5468, 49.7106],
        [54.9449, 69.0846, 71.7182, 51.1534, 71.8309, 61.3478, 64.5468, 49.7106],
        [54.9449, 69.0846, 71.7182, 51.1534, 71.8309, 61.3478, 64.5468, 49.7106]],
       dtype=torch.float64, grad_fn=<MmBackward0>) Z.shape=torch.Size([7, 8])
head=tensor([[54.9449, 69.0846, 71.7182, 51.1534, 71.8309, 61.3478, 64.5468, 49.7106,
         54.9449, 69.0846, 71.7182, 51.1534, 71.8309, 61.3478, 64.5468, 49.7106],
        [54.9449, 69.0846, 71.7182, 51.1534, 71.8309, 61.3478, 64.5468, 49.7106,
         54.9449, 69.0846, 71.7182, 51.1534, 71.8309, 61.3478, 64.5468, 49.7106],
        [54.9449, 69.0846, 71.7182, 51.1534, 71.8309, 61.3478, 64.5468, 49.7106,
         54.9449, 69.0846, 71.7182, 51.1534, 71.8309, 61.3478, 64.5468, 49.7106],
        [54.9449, 69.0846, 71.7182, 51.1534, 71.8309, 61.3478, 64.5468, 49.7106,
         54.9449, 69.0846, 71.7182, 51.1534, 71.8309, 61.3478, 64.5468, 49.7106],
        [54.9449, 69.0846, 71.7182, 51.1534, 71.8309, 61.3478, 64.5468, 49.7106,
         54.9449, 69.0846, 71.7182, 51.1534, 71.8309, 61.3478, 64.5468, 49.7106],
        [54.9449, 69.0846, 71.7182, 51.1534, 71.8309, 61.3478, 64.5468, 49.7106,
         54.9449, 69.0846, 71.7182, 51.1534, 71.8309, 61.3478, 64.5468, 49.7106],
        [54.9449, 69.0846, 71.7182, 51.1534, 71.8309, 61.3478, 64.5468, 49.7106,
         54.9449, 69.0846, 71.7182, 51.1534, 71.8309, 61.3478, 64.5468, 49.7106]],
       dtype=torch.float64, grad_fn=<CatBackward0>)
head.shape=torch.Size([7, 16]) self.W_multi_head.shape=torch.Size([16, 16])
multi_head_out=tensor([[324.1462, 384.5707, 492.1061, 543.9153, 568.3734, 385.3410, 280.0153,
         537.6216, 605.6113, 495.4612, 538.8712, 482.9354, 482.0602, 408.1026,
         501.8579, 357.3585],
        [324.1462, 384.5707, 492.1061, 543.9153, 568.3734, 385.3410, 280.0153,
         537.6216, 605.6113, 495.4612, 538.8712, 482.9354, 482.0602, 408.1026,
         501.8579, 357.3585],
        [324.1462, 384.5707, 492.1061, 543.9153, 568.3734, 385.3410, 280.0153,
         537.6216, 605.6113, 495.4612, 538.8712, 482.9354, 482.0602, 408.1026,
         501.8579, 357.3585],
        [324.1462, 384.5707, 492.1061, 543.9153, 568.3734, 385.3410, 280.0153,
         537.6216, 605.6113, 495.4612, 538.8712, 482.9354, 482.0602, 408.1026,
         501.8579, 357.3585],
        [324.1462, 384.5707, 492.1061, 543.9153, 568.3734, 385.3410, 280.0153,
         537.6216, 605.6113, 495.4612, 538.8712, 482.9354, 482.0602, 408.1026,
         501.8579, 357.3585],
        [324.1462, 384.5707, 492.1061, 543.9153, 568.3734, 385.3410, 280.0153,
         537.6216, 605.6113, 495.4612, 538.8712, 482.9354, 482.0602, 408.1026,
         501.8579, 357.3585],
        [324.1462, 384.5707, 492.1061, 543.9153, 568.3734, 385.3410, 280.0153,
         537.6216, 605.6113, 495.4612, 538.8712, 482.9354, 482.0602, 408.1026,
         501.8579, 357.3585]], dtype=torch.float64, grad_fn=<MmBackward0>) X_in=tensor([[ 0.0000,  1.0000,  2.0000,  3.0000,  4.0000,  5.0000,  6.0000,  7.0000,
          8.0000,  9.0000, 10.0000, 11.0000, 12.0000, 13.0000, 14.0000, 15.0000],
        [-1.1233,  2.4488, -0.4281,  0.6500,  1.2522,  0.2673,  0.3771,  0.7161,
         -0.2296,  0.6136,  1.1893,  0.6170, -1.0088,  1.1986,  0.3484, -0.3813],
        [-1.1233,  2.4488, -0.4281,  0.6500,  1.2522,  0.2673,  0.3771,  0.7161,
         -0.2296,  0.6136,  1.1893,  0.6170, -1.0088,  1.1986,  0.3484, -0.3813],
        [-1.1233,  2.4488, -0.4281,  0.6500,  1.2522,  0.2673,  0.3771,  0.7161,
         -0.2296,  0.6136,  1.1893,  0.6170, -1.0088,  1.1986,  0.3484, -0.3813],
        [-1.1233,  2.4488, -0.4281,  0.6500,  1.2522,  0.2673,  0.3771,  0.7161,
         -0.2296,  0.6136,  1.1893,  0.6170, -1.0088,  1.1986,  0.3484, -0.3813],
        [-1.1233,  2.4488, -0.4281,  0.6500,  1.2522,  0.2673,  0.3771,  0.7161,
         -0.2296,  0.6136,  1.1893,  0.6170, -1.0088,  1.1986,  0.3484, -0.3813],
        [ 1.0000,  1.0000,  1.0000,  1.0000,  1.0000,  1.0000,  1.0000,  1.0000,
          1.0000,  1.0000,  1.0000,  1.0000,  1.0000,  1.0000,  1.0000,  1.0000]],
       dtype=torch.float64, grad_fn=<AliasBackward0>)
X_in=tensor([[-1.5838, -0.9134,  0.2710,  0.8473,  1.1252, -0.8614, -1.9999,  0.8223,
          1.5752,  0.3840,  0.8687,  0.2692,  0.2705, -0.5257,  0.5084, -1.0576],
        [-1.5267, -0.8246,  0.3236,  0.9039,  1.1788, -0.8401, -1.9944,  0.8356,
          1.5711,  0.3719,  0.8545,  0.2345,  0.2071, -0.5801,  0.4392, -1.1542],
        [-1.5267, -0.8246,  0.3236,  0.9039,  1.1788, -0.8401, -1.9944,  0.8356,
          1.5711,  0.3719,  0.8545,  0.2345,  0.2071, -0.5801,  0.4392, -1.1542],
        [-1.5267, -0.8246,  0.3236,  0.9039,  1.1788, -0.8401, -1.9944,  0.8356,
          1.5711,  0.3719,  0.8545,  0.2345,  0.2071, -0.5801,  0.4392, -1.1542],
        [-1.5267, -0.8246,  0.3236,  0.9039,  1.1788, -0.8401, -1.9944,  0.8356,
          1.5711,  0.3719,  0.8545,  0.2345,  0.2071, -0.5801,  0.4392, -1.1542],
        [-1.5267, -0.8246,  0.3236,  0.9039,  1.1788, -0.8401, -1.9944,  0.8356,
          1.5711,  0.3719,  0.8545,  0.2345,  0.2071, -0.5801,  0.4392, -1.1542],
        [-1.5119, -0.8481,  0.3332,  0.9024,  1.1711, -0.8396, -1.9967,  0.8332,
          1.5801,  0.3701,  0.8470,  0.2325,  0.2229, -0.5896,  0.4404, -1.1470]],
       dtype=torch.float64, grad_fn=<NativeLayerNormBackward0>)
Q=tensor([[ 1.0607,  0.5712,  0.6838,  1.3151,  1.5139,  0.1407, -0.8671,  0.7044],
        [ 1.0450,  0.5263,  0.6157,  1.3118,  1.5280,  0.1355, -0.8734,  0.6400],
        [ 1.0450,  0.5263,  0.6157,  1.3118,  1.5280,  0.1355, -0.8734,  0.6400],
        [ 1.0450,  0.5263,  0.6157,  1.3118,  1.5280,  0.1355, -0.8734,  0.6400],
        [ 1.0450,  0.5263,  0.6157,  1.3118,  1.5280,  0.1355, -0.8734,  0.6400],
        [ 1.0450,  0.5263,  0.6157,  1.3118,  1.5280,  0.1355, -0.8734,  0.6400],
        [ 1.0312,  0.5249,  0.6125,  1.3200,  1.5243,  0.1315, -0.8738,  0.6541]],
       dtype=torch.float64, grad_fn=<MmBackward0>) Q.shape=torch.Size([7, 8]) self.W_q=tensor([[0.0611, 0.2246, 0.2343, 0.1771, 0.5561, 0.1094, 0.4609, 0.7084],
        [0.5798, 0.4967, 0.5104, 0.3295, 0.7182, 0.3845, 0.0898, 0.1175],
        [0.6402, 0.1968, 0.5124, 0.7118, 0.9249, 0.9997, 0.8927, 0.8767],
        [0.8450, 0.1544, 0.1705, 0.9842, 0.8127, 0.4358, 0.4143, 0.4284],
        [0.7578, 0.9225, 0.9643, 0.1760, 0.9539, 0.3134, 0.4544, 0.2956],
        [0.1875, 0.2433, 0.3493, 0.4441, 0.4069, 0.2859, 0.8036, 0.3218],
        [0.3639, 0.2985, 0.6635, 0.2552, 0.4144, 0.8396, 0.7418, 0.2865],
        [0.7929, 0.5001, 0.8977, 0.1051, 0.5809, 0.9867, 0.1315, 0.2391],
        [0.3047, 0.5158, 0.4514, 0.4929, 0.5301, 0.2647, 0.1671, 0.5482],
        [0.2380, 0.5374, 0.4422, 0.6454, 0.5376, 0.2245, 0.6632, 0.8439],
        [0.0109, 0.2807, 0.9301, 0.5438, 0.8123, 0.7750, 0.7308, 0.9924],
        [0.7282, 0.2328, 0.9997, 0.5540, 0.4200, 0.5419, 0.8642, 0.4312],
        [0.1213, 0.8956, 0.8784, 0.9128, 0.9688, 0.4150, 0.4094, 0.6885],
        [0.6800, 0.6415, 0.4019, 0.4875, 0.9569, 0.5172, 0.9534, 0.8540],
        [0.9555, 0.0836, 0.1684, 0.1883, 0.9384, 0.3543, 0.2027, 0.5069],
        [0.7145, 0.6801, 0.9717, 0.2403, 0.3372, 0.5260, 0.1794, 0.4793]],
       dtype=torch.float64)
K=tensor([[-1.6796,  0.1619, -0.1320,  0.9981, -0.8720,  1.4816,  0.4028, -1.1934],
        [-1.6766,  0.1709, -0.1244,  0.9849, -0.8756,  1.4843,  0.4033, -1.1954],
        [-1.6752,  0.1649, -0.1393,  0.9982, -0.8745,  1.4912,  0.4133, -1.1940],
        [-1.6463,  0.1992, -0.1200,  0.9416, -0.8848,  1.5019,  0.5090, -1.1946],
        [-1.5511,  0.2503, -0.0917,  0.8052, -0.9162,  1.5223,  0.7359, -1.1856],
        [-1.6851,  0.1829, -0.1396,  1.0076, -0.8645,  1.4766,  0.4123, -1.1755],
        [-1.6675,  0.1831, -0.1400,  0.9880, -0.8789,  1.4925,  0.4191, -1.1841]],
       dtype=torch.float64, grad_fn=<MmBackward0>) K.shape=torch.Size([7, 8]) tensor([[0.9176, 0.0969, 0.7088, 0.5403, 0.9133, 0.5257, 0.1204, 0.2669],
        [0.6928, 0.4623, 0.0821, 0.6830, 0.6197, 0.8080, 0.7328, 0.3664],
        [0.9414, 0.1970, 0.7579, 0.1139, 0.7440, 0.7068, 0.7945, 0.6953],
        [0.4236, 0.1344, 0.8726, 0.0248, 0.1871, 0.4442, 0.0288, 0.1701],
        [0.5530, 0.3270, 0.7248, 0.3561, 0.3695, 0.8486, 0.3875, 0.1408],
        [0.4006, 0.0171, 0.7371, 0.6248, 0.5112, 0.6141, 0.4584, 0.3932],
        [0.9174, 0.2641, 0.5383, 0.1304, 0.2692, 0.5418, 0.0513, 0.7104],
        [0.2190, 0.5117, 0.4089, 0.7485, 0.9291, 0.5215, 0.6378, 0.5737],
        [0.1116, 0.2890, 0.3665, 0.5505, 0.4982, 0.8949, 0.1929, 0.6126],
        [0.9573, 0.3505, 0.9706, 0.8580, 0.6232, 0.6595, 0.0853, 0.7083],
        [0.3387, 0.3283, 0.1897, 0.6480, 0.0071, 0.7271, 0.5857, 0.4027],
        [0.5211, 0.9657, 0.5535, 0.6017, 0.2427, 0.5854, 0.5740, 0.5110],
        [0.5883, 0.7138, 0.1372, 0.6238, 0.3607, 0.3382, 0.5413, 0.4971],
        [0.5034, 0.7710, 0.2761, 0.0033, 0.5892, 0.0952, 0.2184, 0.6989],
        [0.6182, 0.3122, 0.0896, 0.1596, 0.0574, 0.9065, 0.8951, 0.0171],
        [0.1151, 0.6182, 0.4213, 0.2124, 0.4743, 0.2734, 0.9921, 0.9287]],
       dtype=torch.float64)
V=tensor([[ 1.3226, -0.9283, -0.4366, -0.9348,  0.0548,  2.5034, -0.4848, -1.7946],
        [ 1.3255, -0.9173, -0.4344, -0.9317,  0.0644,  2.4976, -0.4901, -1.7927],
        [ 1.3080, -0.9191, -0.4322, -0.9298,  0.0563,  2.4958, -0.4695, -1.7992],
        [ 1.3279, -0.8600, -0.4126, -0.8602,  0.0315,  2.4558, -0.4728, -1.7753],
        [ 1.3327, -0.6981, -0.3379, -0.6953, -0.0400,  2.3509, -0.4431, -1.7141],
        [ 1.3290, -0.9346, -0.4285, -0.9389,  0.0436,  2.4920, -0.4843, -1.7971],
        [ 1.3106, -0.9135, -0.4181, -0.9280,  0.0471,  2.5027, -0.4741, -1.8083]],
       dtype=torch.float64, grad_fn=<MmBackward0>) V.shape=torch.Size([7, 8]) self.W_v=tensor([[0.4771, 0.7317, 0.0576, 0.9432, 0.9486, 0.5513, 0.4101, 0.7596],
        [0.1079, 0.4531, 0.1762, 0.8590, 0.4101, 0.0046, 0.5489, 0.3399],
        [0.4035, 0.6980, 0.4398, 0.2253, 0.2283, 0.5055, 0.3547, 0.1605],
        [0.6428, 0.4947, 0.3211, 0.0070, 0.9626, 0.4930, 0.1573, 0.1466],
        [0.4337, 0.5801, 0.0415, 0.5750, 0.9796, 0.8258, 0.2627, 0.8009],
        [0.8512, 0.7802, 0.6454, 0.5386, 0.1792, 0.1877, 0.2942, 0.5359],
        [0.1093, 0.8584, 0.9864, 0.1241, 0.7169, 0.0822, 0.4824, 0.6482],
        [0.8485, 0.3716, 0.2252, 0.5579, 0.7592, 0.0820, 0.2454, 0.7402],
        [0.4686, 0.3573, 0.9693, 0.3870, 0.2020, 0.6892, 0.3514, 0.2458],
        [0.1752, 0.0981, 0.2589, 0.0731, 0.5745, 0.6247, 0.7559, 0.3685],
        [0.3979, 0.9075, 0.8795, 0.0108, 0.7215, 0.9119, 0.8867, 0.1758],
        [0.9790, 0.9240, 0.8681, 0.5926, 0.6049, 0.1070, 0.3841, 0.1247],
        [0.9284, 0.4158, 0.5685, 0.4974, 0.3686, 0.7431, 0.1817, 0.1600],
        [0.2541, 0.0690, 0.3611, 0.1814, 0.9477, 0.6948, 0.5803, 0.5864],
        [0.0111, 0.9819, 0.5165, 0.9790, 0.8677, 0.8973, 0.9010, 0.4158],
        [0.3229, 0.6110, 0.7758, 0.5179, 0.2733, 0.1066, 0.7092, 0.6586]],
       dtype=torch.float64)
score=tensor([[-2.7685, -2.7792, -2.7787, -2.8874, -3.1521, -2.7399, -2.7787],
        [-2.6892, -2.7007, -2.6992, -2.8118, -3.0843, -2.6620, -2.7008],
        [-2.6892, -2.7007, -2.6992, -2.8118, -3.0843, -2.6620, -2.7008],
        [-2.6892, -2.7007, -2.6992, -2.8118, -3.0843, -2.6620, -2.7008],
        [-2.6892, -2.7007, -2.6992, -2.8118, -3.0843, -2.6620, -2.7008],
        [-2.6892, -2.7007, -2.6992, -2.8118, -3.0843, -2.6620, -2.7008],
        [-2.6775, -2.6892, -2.6876, -2.8012, -3.0762, -2.6499, -2.6892]],
       dtype=torch.float64, grad_fn=<MmBackward0>) score.shape=torch.Size([7, 7])
soft_max_out=tensor([[0.1464, 0.1458, 0.1459, 0.1404, 0.1278, 0.1479, 0.1459],
        [0.1465, 0.1459, 0.1460, 0.1403, 0.1274, 0.1479, 0.1459],
        [0.1465, 0.1459, 0.1460, 0.1403, 0.1274, 0.1479, 0.1459],
        [0.1465, 0.1459, 0.1460, 0.1403, 0.1274, 0.1479, 0.1459],
        [0.1465, 0.1459, 0.1460, 0.1403, 0.1274, 0.1479, 0.1459],
        [0.1465, 0.1459, 0.1460, 0.1403, 0.1274, 0.1479, 0.1459],
        [0.1465, 0.1459, 0.1460, 0.1403, 0.1273, 0.1480, 0.1459]],
       dtype=torch.float64, grad_fn=<SoftmaxBackward0>) soft_max_out.shape=torch.Size([7, 7])
Z=tensor([[ 1.3221, -0.8851, -0.4157, -0.8921,  0.0383,  2.4735, -0.4747, -1.7844],
        [ 1.3221, -0.8852, -0.4158, -0.8923,  0.0383,  2.4735, -0.4747, -1.7844],
        [ 1.3221, -0.8852, -0.4158, -0.8923,  0.0383,  2.4735, -0.4747, -1.7844],
        [ 1.3221, -0.8852, -0.4158, -0.8923,  0.0383,  2.4735, -0.4747, -1.7844],
        [ 1.3221, -0.8852, -0.4158, -0.8923,  0.0383,  2.4735, -0.4747, -1.7844],
        [ 1.3221, -0.8852, -0.4158, -0.8923,  0.0383,  2.4735, -0.4747, -1.7844],
        [ 1.3221, -0.8852, -0.4158, -0.8923,  0.0383,  2.4736, -0.4747, -1.7844]],
       dtype=torch.float64, grad_fn=<MmBackward0>) Z.shape=torch.Size([7, 8])
X_in=tensor([[-1.5838, -0.9134,  0.2710,  0.8473,  1.1252, -0.8614, -1.9999,  0.8223,
          1.5752,  0.3840,  0.8687,  0.2692,  0.2705, -0.5257,  0.5084, -1.0576],
        [-1.5267, -0.8246,  0.3236,  0.9039,  1.1788, -0.8401, -1.9944,  0.8356,
          1.5711,  0.3719,  0.8545,  0.2345,  0.2071, -0.5801,  0.4392, -1.1542],
        [-1.5267, -0.8246,  0.3236,  0.9039,  1.1788, -0.8401, -1.9944,  0.8356,
          1.5711,  0.3719,  0.8545,  0.2345,  0.2071, -0.5801,  0.4392, -1.1542],
        [-1.5267, -0.8246,  0.3236,  0.9039,  1.1788, -0.8401, -1.9944,  0.8356,
          1.5711,  0.3719,  0.8545,  0.2345,  0.2071, -0.5801,  0.4392, -1.1542],
        [-1.5267, -0.8246,  0.3236,  0.9039,  1.1788, -0.8401, -1.9944,  0.8356,
          1.5711,  0.3719,  0.8545,  0.2345,  0.2071, -0.5801,  0.4392, -1.1542],
        [-1.5267, -0.8246,  0.3236,  0.9039,  1.1788, -0.8401, -1.9944,  0.8356,
          1.5711,  0.3719,  0.8545,  0.2345,  0.2071, -0.5801,  0.4392, -1.1542],
        [-1.5119, -0.8481,  0.3332,  0.9024,  1.1711, -0.8396, -1.9967,  0.8332,
          1.5801,  0.3701,  0.8470,  0.2325,  0.2229, -0.5896,  0.4404, -1.1470]],
       dtype=torch.float64, grad_fn=<NativeLayerNormBackward0>)
Q=tensor([[ 1.0607,  0.5712,  0.6838,  1.3151,  1.5139,  0.1407, -0.8671,  0.7044],
        [ 1.0450,  0.5263,  0.6157,  1.3118,  1.5280,  0.1355, -0.8734,  0.6400],
        [ 1.0450,  0.5263,  0.6157,  1.3118,  1.5280,  0.1355, -0.8734,  0.6400],
        [ 1.0450,  0.5263,  0.6157,  1.3118,  1.5280,  0.1355, -0.8734,  0.6400],
        [ 1.0450,  0.5263,  0.6157,  1.3118,  1.5280,  0.1355, -0.8734,  0.6400],
        [ 1.0450,  0.5263,  0.6157,  1.3118,  1.5280,  0.1355, -0.8734,  0.6400],
        [ 1.0312,  0.5249,  0.6125,  1.3200,  1.5243,  0.1315, -0.8738,  0.6541]],
       dtype=torch.float64, grad_fn=<MmBackward0>) Q.shape=torch.Size([7, 8]) self.W_q=tensor([[0.0611, 0.2246, 0.2343, 0.1771, 0.5561, 0.1094, 0.4609, 0.7084],
        [0.5798, 0.4967, 0.5104, 0.3295, 0.7182, 0.3845, 0.0898, 0.1175],
        [0.6402, 0.1968, 0.5124, 0.7118, 0.9249, 0.9997, 0.8927, 0.8767],
        [0.8450, 0.1544, 0.1705, 0.9842, 0.8127, 0.4358, 0.4143, 0.4284],
        [0.7578, 0.9225, 0.9643, 0.1760, 0.9539, 0.3134, 0.4544, 0.2956],
        [0.1875, 0.2433, 0.3493, 0.4441, 0.4069, 0.2859, 0.8036, 0.3218],
        [0.3639, 0.2985, 0.6635, 0.2552, 0.4144, 0.8396, 0.7418, 0.2865],
        [0.7929, 0.5001, 0.8977, 0.1051, 0.5809, 0.9867, 0.1315, 0.2391],
        [0.3047, 0.5158, 0.4514, 0.4929, 0.5301, 0.2647, 0.1671, 0.5482],
        [0.2380, 0.5374, 0.4422, 0.6454, 0.5376, 0.2245, 0.6632, 0.8439],
        [0.0109, 0.2807, 0.9301, 0.5438, 0.8123, 0.7750, 0.7308, 0.9924],
        [0.7282, 0.2328, 0.9997, 0.5540, 0.4200, 0.5419, 0.8642, 0.4312],
        [0.1213, 0.8956, 0.8784, 0.9128, 0.9688, 0.4150, 0.4094, 0.6885],
        [0.6800, 0.6415, 0.4019, 0.4875, 0.9569, 0.5172, 0.9534, 0.8540],
        [0.9555, 0.0836, 0.1684, 0.1883, 0.9384, 0.3543, 0.2027, 0.5069],
        [0.7145, 0.6801, 0.9717, 0.2403, 0.3372, 0.5260, 0.1794, 0.4793]],
       dtype=torch.float64)
K=tensor([[-1.6796,  0.1619, -0.1320,  0.9981, -0.8720,  1.4816,  0.4028, -1.1934],
        [-1.6766,  0.1709, -0.1244,  0.9849, -0.8756,  1.4843,  0.4033, -1.1954],
        [-1.6752,  0.1649, -0.1393,  0.9982, -0.8745,  1.4912,  0.4133, -1.1940],
        [-1.6463,  0.1992, -0.1200,  0.9416, -0.8848,  1.5019,  0.5090, -1.1946],
        [-1.5511,  0.2503, -0.0917,  0.8052, -0.9162,  1.5223,  0.7359, -1.1856],
        [-1.6851,  0.1829, -0.1396,  1.0076, -0.8645,  1.4766,  0.4123, -1.1755],
        [-1.6675,  0.1831, -0.1400,  0.9880, -0.8789,  1.4925,  0.4191, -1.1841]],
       dtype=torch.float64, grad_fn=<MmBackward0>) K.shape=torch.Size([7, 8]) tensor([[0.9176, 0.0969, 0.7088, 0.5403, 0.9133, 0.5257, 0.1204, 0.2669],
        [0.6928, 0.4623, 0.0821, 0.6830, 0.6197, 0.8080, 0.7328, 0.3664],
        [0.9414, 0.1970, 0.7579, 0.1139, 0.7440, 0.7068, 0.7945, 0.6953],
        [0.4236, 0.1344, 0.8726, 0.0248, 0.1871, 0.4442, 0.0288, 0.1701],
        [0.5530, 0.3270, 0.7248, 0.3561, 0.3695, 0.8486, 0.3875, 0.1408],
        [0.4006, 0.0171, 0.7371, 0.6248, 0.5112, 0.6141, 0.4584, 0.3932],
        [0.9174, 0.2641, 0.5383, 0.1304, 0.2692, 0.5418, 0.0513, 0.7104],
        [0.2190, 0.5117, 0.4089, 0.7485, 0.9291, 0.5215, 0.6378, 0.5737],
        [0.1116, 0.2890, 0.3665, 0.5505, 0.4982, 0.8949, 0.1929, 0.6126],
        [0.9573, 0.3505, 0.9706, 0.8580, 0.6232, 0.6595, 0.0853, 0.7083],
        [0.3387, 0.3283, 0.1897, 0.6480, 0.0071, 0.7271, 0.5857, 0.4027],
        [0.5211, 0.9657, 0.5535, 0.6017, 0.2427, 0.5854, 0.5740, 0.5110],
        [0.5883, 0.7138, 0.1372, 0.6238, 0.3607, 0.3382, 0.5413, 0.4971],
        [0.5034, 0.7710, 0.2761, 0.0033, 0.5892, 0.0952, 0.2184, 0.6989],
        [0.6182, 0.3122, 0.0896, 0.1596, 0.0574, 0.9065, 0.8951, 0.0171],
        [0.1151, 0.6182, 0.4213, 0.2124, 0.4743, 0.2734, 0.9921, 0.9287]],
       dtype=torch.float64)
V=tensor([[ 1.3226, -0.9283, -0.4366, -0.9348,  0.0548,  2.5034, -0.4848, -1.7946],
        [ 1.3255, -0.9173, -0.4344, -0.9317,  0.0644,  2.4976, -0.4901, -1.7927],
        [ 1.3080, -0.9191, -0.4322, -0.9298,  0.0563,  2.4958, -0.4695, -1.7992],
        [ 1.3279, -0.8600, -0.4126, -0.8602,  0.0315,  2.4558, -0.4728, -1.7753],
        [ 1.3327, -0.6981, -0.3379, -0.6953, -0.0400,  2.3509, -0.4431, -1.7141],
        [ 1.3290, -0.9346, -0.4285, -0.9389,  0.0436,  2.4920, -0.4843, -1.7971],
        [ 1.3106, -0.9135, -0.4181, -0.9280,  0.0471,  2.5027, -0.4741, -1.8083]],
       dtype=torch.float64, grad_fn=<MmBackward0>) V.shape=torch.Size([7, 8]) self.W_v=tensor([[0.4771, 0.7317, 0.0576, 0.9432, 0.9486, 0.5513, 0.4101, 0.7596],
        [0.1079, 0.4531, 0.1762, 0.8590, 0.4101, 0.0046, 0.5489, 0.3399],
        [0.4035, 0.6980, 0.4398, 0.2253, 0.2283, 0.5055, 0.3547, 0.1605],
        [0.6428, 0.4947, 0.3211, 0.0070, 0.9626, 0.4930, 0.1573, 0.1466],
        [0.4337, 0.5801, 0.0415, 0.5750, 0.9796, 0.8258, 0.2627, 0.8009],
        [0.8512, 0.7802, 0.6454, 0.5386, 0.1792, 0.1877, 0.2942, 0.5359],
        [0.1093, 0.8584, 0.9864, 0.1241, 0.7169, 0.0822, 0.4824, 0.6482],
        [0.8485, 0.3716, 0.2252, 0.5579, 0.7592, 0.0820, 0.2454, 0.7402],
        [0.4686, 0.3573, 0.9693, 0.3870, 0.2020, 0.6892, 0.3514, 0.2458],
        [0.1752, 0.0981, 0.2589, 0.0731, 0.5745, 0.6247, 0.7559, 0.3685],
        [0.3979, 0.9075, 0.8795, 0.0108, 0.7215, 0.9119, 0.8867, 0.1758],
        [0.9790, 0.9240, 0.8681, 0.5926, 0.6049, 0.1070, 0.3841, 0.1247],
        [0.9284, 0.4158, 0.5685, 0.4974, 0.3686, 0.7431, 0.1817, 0.1600],
        [0.2541, 0.0690, 0.3611, 0.1814, 0.9477, 0.6948, 0.5803, 0.5864],
        [0.0111, 0.9819, 0.5165, 0.9790, 0.8677, 0.8973, 0.9010, 0.4158],
        [0.3229, 0.6110, 0.7758, 0.5179, 0.2733, 0.1066, 0.7092, 0.6586]],
       dtype=torch.float64)
score=tensor([[-2.7685, -2.7792, -2.7787, -2.8874, -3.1521, -2.7399, -2.7787],
        [-2.6892, -2.7007, -2.6992, -2.8118, -3.0843, -2.6620, -2.7008],
        [-2.6892, -2.7007, -2.6992, -2.8118, -3.0843, -2.6620, -2.7008],
        [-2.6892, -2.7007, -2.6992, -2.8118, -3.0843, -2.6620, -2.7008],
        [-2.6892, -2.7007, -2.6992, -2.8118, -3.0843, -2.6620, -2.7008],
        [-2.6892, -2.7007, -2.6992, -2.8118, -3.0843, -2.6620, -2.7008],
        [-2.6775, -2.6892, -2.6876, -2.8012, -3.0762, -2.6499, -2.6892]],
       dtype=torch.float64, grad_fn=<MmBackward0>) score.shape=torch.Size([7, 7])
soft_max_out=tensor([[0.1464, 0.1458, 0.1459, 0.1404, 0.1278, 0.1479, 0.1459],
        [0.1465, 0.1459, 0.1460, 0.1403, 0.1274, 0.1479, 0.1459],
        [0.1465, 0.1459, 0.1460, 0.1403, 0.1274, 0.1479, 0.1459],
        [0.1465, 0.1459, 0.1460, 0.1403, 0.1274, 0.1479, 0.1459],
        [0.1465, 0.1459, 0.1460, 0.1403, 0.1274, 0.1479, 0.1459],
        [0.1465, 0.1459, 0.1460, 0.1403, 0.1274, 0.1479, 0.1459],
        [0.1465, 0.1459, 0.1460, 0.1403, 0.1273, 0.1480, 0.1459]],
       dtype=torch.float64, grad_fn=<SoftmaxBackward0>) soft_max_out.shape=torch.Size([7, 7])
Z=tensor([[ 1.3221, -0.8851, -0.4157, -0.8921,  0.0383,  2.4735, -0.4747, -1.7844],
        [ 1.3221, -0.8852, -0.4158, -0.8923,  0.0383,  2.4735, -0.4747, -1.7844],
        [ 1.3221, -0.8852, -0.4158, -0.8923,  0.0383,  2.4735, -0.4747, -1.7844],
        [ 1.3221, -0.8852, -0.4158, -0.8923,  0.0383,  2.4735, -0.4747, -1.7844],
        [ 1.3221, -0.8852, -0.4158, -0.8923,  0.0383,  2.4735, -0.4747, -1.7844],
        [ 1.3221, -0.8852, -0.4158, -0.8923,  0.0383,  2.4735, -0.4747, -1.7844],
        [ 1.3221, -0.8852, -0.4158, -0.8923,  0.0383,  2.4736, -0.4747, -1.7844]],
       dtype=torch.float64, grad_fn=<MmBackward0>) Z.shape=torch.Size([7, 8])
head=tensor([[ 1.3221, -0.8851, -0.4157, -0.8921,  0.0383,  2.4735, -0.4747, -1.7844,
          1.3221, -0.8851, -0.4157, -0.8921,  0.0383,  2.4735, -0.4747, -1.7844],
        [ 1.3221, -0.8852, -0.4158, -0.8923,  0.0383,  2.4735, -0.4747, -1.7844,
          1.3221, -0.8852, -0.4158, -0.8923,  0.0383,  2.4735, -0.4747, -1.7844],
        [ 1.3221, -0.8852, -0.4158, -0.8923,  0.0383,  2.4735, -0.4747, -1.7844,
          1.3221, -0.8852, -0.4158, -0.8923,  0.0383,  2.4735, -0.4747, -1.7844],
        [ 1.3221, -0.8852, -0.4158, -0.8923,  0.0383,  2.4735, -0.4747, -1.7844,
          1.3221, -0.8852, -0.4158, -0.8923,  0.0383,  2.4735, -0.4747, -1.7844],
        [ 1.3221, -0.8852, -0.4158, -0.8923,  0.0383,  2.4735, -0.4747, -1.7844,
          1.3221, -0.8852, -0.4158, -0.8923,  0.0383,  2.4735, -0.4747, -1.7844],
        [ 1.3221, -0.8852, -0.4158, -0.8923,  0.0383,  2.4735, -0.4747, -1.7844,
          1.3221, -0.8852, -0.4158, -0.8923,  0.0383,  2.4735, -0.4747, -1.7844],
        [ 1.3221, -0.8852, -0.4158, -0.8923,  0.0383,  2.4736, -0.4747, -1.7844,
          1.3221, -0.8852, -0.4158, -0.8923,  0.0383,  2.4736, -0.4747, -1.7844]],
       dtype=torch.float64, grad_fn=<CatBackward0>)
head.shape=torch.Size([7, 16]) self.W_multi_head.shape=torch.Size([16, 16])
multi_head_out=tensor([[ 1.0369, -3.5299, -0.7717,  0.9163,  3.4306, -2.9390, -0.1173, -2.0728,
          0.2963,  2.3451, -1.3097, -1.6590, -0.2611, -2.7148, -1.0896, -0.1782],
        [ 1.0369, -3.5300, -0.7720,  0.9162,  3.4305, -2.9393, -0.1174, -2.0731,
          0.2962,  2.3451, -1.3098, -1.6592, -0.2612, -2.7150, -1.0899, -0.1782],
        [ 1.0369, -3.5300, -0.7720,  0.9162,  3.4305, -2.9393, -0.1174, -2.0731,
          0.2962,  2.3451, -1.3098, -1.6592, -0.2612, -2.7150, -1.0899, -0.1782],
        [ 1.0369, -3.5300, -0.7720,  0.9162,  3.4305, -2.9393, -0.1174, -2.0731,
          0.2962,  2.3451, -1.3098, -1.6592, -0.2612, -2.7150, -1.0899, -0.1782],
        [ 1.0369, -3.5300, -0.7720,  0.9162,  3.4305, -2.9393, -0.1174, -2.0731,
          0.2962,  2.3451, -1.3098, -1.6592, -0.2612, -2.7150, -1.0899, -0.1782],
        [ 1.0369, -3.5300, -0.7720,  0.9162,  3.4305, -2.9393, -0.1174, -2.0731,
          0.2962,  2.3451, -1.3098, -1.6592, -0.2612, -2.7150, -1.0899, -0.1782],
        [ 1.0369, -3.5301, -0.7721,  0.9162,  3.4305, -2.9394, -0.1175, -2.0732,
          0.2961,  2.3451, -1.3098, -1.6593, -0.2612, -2.7150, -1.0899, -0.1782]],
       dtype=torch.float64, grad_fn=<MmBackward0>) X_in=tensor([[-1.5838, -0.9134,  0.2710,  0.8473,  1.1252, -0.8614, -1.9999,  0.8223,
          1.5752,  0.3840,  0.8687,  0.2692,  0.2705, -0.5257,  0.5084, -1.0576],
        [-1.5267, -0.8246,  0.3236,  0.9039,  1.1788, -0.8401, -1.9944,  0.8356,
          1.5711,  0.3719,  0.8545,  0.2345,  0.2071, -0.5801,  0.4392, -1.1542],
        [-1.5267, -0.8246,  0.3236,  0.9039,  1.1788, -0.8401, -1.9944,  0.8356,
          1.5711,  0.3719,  0.8545,  0.2345,  0.2071, -0.5801,  0.4392, -1.1542],
        [-1.5267, -0.8246,  0.3236,  0.9039,  1.1788, -0.8401, -1.9944,  0.8356,
          1.5711,  0.3719,  0.8545,  0.2345,  0.2071, -0.5801,  0.4392, -1.1542],
        [-1.5267, -0.8246,  0.3236,  0.9039,  1.1788, -0.8401, -1.9944,  0.8356,
          1.5711,  0.3719,  0.8545,  0.2345,  0.2071, -0.5801,  0.4392, -1.1542],
        [-1.5267, -0.8246,  0.3236,  0.9039,  1.1788, -0.8401, -1.9944,  0.8356,
          1.5711,  0.3719,  0.8545,  0.2345,  0.2071, -0.5801,  0.4392, -1.1542],
        [-1.5119, -0.8481,  0.3332,  0.9024,  1.1711, -0.8396, -1.9967,  0.8332,
          1.5801,  0.3701,  0.8470,  0.2325,  0.2229, -0.5896,  0.4404, -1.1470]],
       dtype=torch.float64, grad_fn=<NativeLayerNormBackward0>)
decoder_out=tensor([[-1.5170, -0.8636,  0.3332,  0.9013,  1.1783, -0.8362, -1.9918,  0.8316,
          1.5747,  0.3727,  0.8455,  0.2400,  0.2219, -0.5895,  0.4399, -1.1410],
        [-1.5107, -0.8453,  0.3306,  0.9126,  1.1594, -0.8352, -1.9956,  0.8353,
          1.5759,  0.3760,  0.8555,  0.2266,  0.2150, -0.5953,  0.4482, -1.1530],
        [-1.5107, -0.8453,  0.3306,  0.9126,  1.1594, -0.8352, -1.9956,  0.8353,
          1.5759,  0.3760,  0.8555,  0.2266,  0.2150, -0.5953,  0.4482, -1.1530],
        [-1.5107, -0.8453,  0.3306,  0.9126,  1.1594, -0.8352, -1.9956,  0.8353,
          1.5759,  0.3760,  0.8555,  0.2266,  0.2150, -0.5953,  0.4482, -1.1530],
        [-1.5107, -0.8453,  0.3306,  0.9126,  1.1594, -0.8352, -1.9956,  0.8353,
          1.5759,  0.3760,  0.8555,  0.2266,  0.2150, -0.5953,  0.4482, -1.1530],
        [-1.5107, -0.8453,  0.3306,  0.9126,  1.1594, -0.8352, -1.9956,  0.8353,
          1.5759,  0.3760,  0.8555,  0.2266,  0.2150, -0.5953,  0.4482, -1.1530],
        [-1.5140, -0.8464,  0.3294,  0.9099,  1.1651, -0.8341, -1.9942,  0.8372,
          1.5744,  0.3755,  0.8538,  0.2315,  0.2119, -0.5917,  0.4446, -1.1529]],
       dtype=torch.float64, grad_fn=<NativeLayerNormBackward0>) X_out=tensor([[ 0.0000,  1.0000,  2.0000,  3.0000,  4.0000,  5.0000,  6.0000,  7.0000,
          8.0000,  9.0000, 10.0000, 11.0000, 12.0000, 13.0000, 14.0000, 15.0000],
        [-1.1233,  2.4488, -0.4281,  0.6500,  1.2522,  0.2673,  0.3771,  0.7161,
         -0.2296,  0.6136,  1.1893,  0.6170, -1.0088,  1.1986,  0.3484, -0.3813],
        [-1.1233,  2.4488, -0.4281,  0.6500,  1.2522,  0.2673,  0.3771,  0.7161,
         -0.2296,  0.6136,  1.1893,  0.6170, -1.0088,  1.1986,  0.3484, -0.3813],
        [-1.1233,  2.4488, -0.4281,  0.6500,  1.2522,  0.2673,  0.3771,  0.7161,
         -0.2296,  0.6136,  1.1893,  0.6170, -1.0088,  1.1986,  0.3484, -0.3813],
        [-1.1233,  2.4488, -0.4281,  0.6500,  1.2522,  0.2673,  0.3771,  0.7161,
         -0.2296,  0.6136,  1.1893,  0.6170, -1.0088,  1.1986,  0.3484, -0.3813],
        [-1.1233,  2.4488, -0.4281,  0.6500,  1.2522,  0.2673,  0.3771,  0.7161,
         -0.2296,  0.6136,  1.1893,  0.6170, -1.0088,  1.1986,  0.3484, -0.3813],
        [ 1.0000,  1.0000,  1.0000,  1.0000,  1.0000,  1.0000,  1.0000,  1.0000,
          1.0000,  1.0000,  1.0000,  1.0000,  1.0000,  1.0000,  1.0000,  1.0000]],
       dtype=torch.float64, grad_fn=<CopySlices>)
logits_prob=tensor([1.5242e-05, 1.5660e-05, 3.4713e-05,  ..., 2.7300e-05, 4.4179e-05,
        8.2722e-05], dtype=torch.float64, grad_fn=<SoftmaxBackward0>)
X_out=tensor([[ 0.0000,  1.0000,  2.0000,  3.0000,  4.0000,  5.0000,  6.0000,  7.0000,
          8.0000,  9.0000, 10.0000, 11.0000, 12.0000, 13.0000, 14.0000, 15.0000],
        [-1.1233,  2.4488, -0.4281,  0.6500,  1.2522,  0.2673,  0.3771,  0.7161,
         -0.2296,  0.6136,  1.1893,  0.6170, -1.0088,  1.1986,  0.3484, -0.3813],
        [-1.1233,  2.4488, -0.4281,  0.6500,  1.2522,  0.2673,  0.3771,  0.7161,
         -0.2296,  0.6136,  1.1893,  0.6170, -1.0088,  1.1986,  0.3484, -0.3813],
        [-1.1233,  2.4488, -0.4281,  0.6500,  1.2522,  0.2673,  0.3771,  0.7161,
         -0.2296,  0.6136,  1.1893,  0.6170, -1.0088,  1.1986,  0.3484, -0.3813],
        [-1.1233,  2.4488, -0.4281,  0.6500,  1.2522,  0.2673,  0.3771,  0.7161,
         -0.2296,  0.6136,  1.1893,  0.6170, -1.0088,  1.1986,  0.3484, -0.3813],
        [-1.1233,  2.4488, -0.4281,  0.6500,  1.2522,  0.2673,  0.3771,  0.7161,
         -0.2296,  0.6136,  1.1893,  0.6170, -1.0088,  1.1986,  0.3484, -0.3813],
        [ 1.0000,  1.0000,  1.0000,  1.0000,  1.0000,  1.0000,  1.0000,  1.0000,
          1.0000,  1.0000,  1.0000,  1.0000,  1.0000,  1.0000,  1.0000,  1.0000]],
       dtype=torch.float64, grad_fn=<CopySlices>) token_embedding=tensor([[-1.1233,  2.4488, -0.4281,  0.6500,  1.2522,  0.2673,  0.3771,  0.7161,
         -0.2296,  0.6136,  1.1893,  0.6170, -1.0088,  1.1986,  0.3484, -0.3813]],
       dtype=torch.float64, grad_fn=<CopySlices>)
X_out=tensor([[ 0.0000,  1.0000,  2.0000,  3.0000,  4.0000,  5.0000,  6.0000,  7.0000,
          8.0000,  9.0000, 10.0000, 11.0000, 12.0000, 13.0000, 14.0000, 15.0000],
        [-1.1233,  2.4488, -0.4281,  0.6500,  1.2522,  0.2673,  0.3771,  0.7161,
         -0.2296,  0.6136,  1.1893,  0.6170, -1.0088,  1.1986,  0.3484, -0.3813],
        [-1.1233,  2.4488, -0.4281,  0.6500,  1.2522,  0.2673,  0.3771,  0.7161,
         -0.2296,  0.6136,  1.1893,  0.6170, -1.0088,  1.1986,  0.3484, -0.3813],
        [-1.1233,  2.4488, -0.4281,  0.6500,  1.2522,  0.2673,  0.3771,  0.7161,
         -0.2296,  0.6136,  1.1893,  0.6170, -1.0088,  1.1986,  0.3484, -0.3813],
        [-1.1233,  2.4488, -0.4281,  0.6500,  1.2522,  0.2673,  0.3771,  0.7161,
         -0.2296,  0.6136,  1.1893,  0.6170, -1.0088,  1.1986,  0.3484, -0.3813],
        [-1.1233,  2.4488, -0.4281,  0.6500,  1.2522,  0.2673,  0.3771,  0.7161,
         -0.2296,  0.6136,  1.1893,  0.6170, -1.0088,  1.1986,  0.3484, -0.3813],
        [-1.1233,  2.4488, -0.4281,  0.6500,  1.2522,  0.2673,  0.3771,  0.7161,
         -0.2296,  0.6136,  1.1893,  0.6170, -1.0088,  1.1986,  0.3484, -0.3813]],
       dtype=torch.float64, grad_fn=<CopySlices>)
Next token is: northwest  Text generation completed. 
